Sezeryildiz34_,#FootballManager2020 Ã§Ä±ktÄ± ama bilin bakalÄ±m kim almayacakğŸ˜¥,2019-11-19 10:36:11,0,0,
omer4395,Geldi gÃ¶nlÃ¼mÃ¼n efendisi #FootballManager2020,2019-11-19 10:35:32,0,0,KÃ¼tahya
pixelbrei,"Seit heute ist der Football Manager 2020 fÃ¼r den PC erhÃ¤ltlich
#FootballManager2020 #Trailer #Releaseâ€¦ https://t.co/q1WigOUjXk",2019-11-19 10:32:02,0,0,Deutschland
Khalsaid,"RT @peterbonda007: This storyline will be interesting, horrific, unbelievable and true. 

Way beyond any soap!

#EastEnders #Corrie #LooseWâ€¦",2019-11-19 10:31:22,0,1,
Eurogamer_it,#FootballManager2020 Ã¨ qui! #FM20 https://t.co/Ktqo6OHIUK,2019-11-19 10:30:01,0,0,Rome
kochpresse,Erschaffe Deine Zukunft des FuÃŸballs â€“ #FootballManager2020 ab sofort fÃ¼r PC &amp; Mac im Handel erhÃ¤ltlich! FuÃŸball-Faâ€¦ https://t.co/pPMuDHtrv3,2019-11-19 10:29:12,0,0,Planegg/MÃ¼nchen
gudduskywalker,3 paket sigara parasÄ±. BaÅŸlÄ±yoruz. #FM2020 #FootballManager2020 @FootballManager https://t.co/YjYL74Zt5P,2019-11-19 10:27:40,0,0,
GAMEEastleigh,"#FootballManager2020 is out today! 

Put your opinions to good use and do things your way at your club this season.â€¦ https://t.co/TlHUkRgz9X",2019-11-19 10:25:06,0,0,Eastleigh Swan Centre
GAMESouthampton,"#FootballManager2020 is out today! 

Put your opinions to good use and do things your way at your club this season.â€¦ https://t.co/DHmqpmrpJZ",2019-11-19 10:25:05,0,0,"Southampton, England"
GAMEIsleOfWight,"#FootballManager2020 is out today! 

Put your opinions to good use and do things your way at your club this season.â€¦ https://t.co/znpdWpqopP",2019-11-19 10:25:05,0,0,"Newport, Isle of Wight, UK"
RDAT_MEDIA,"The new @FootballManager 20 is out now!

Who is your first signing?

Are you going for a top European side and creaâ€¦ https://t.co/nSnoyrq7rS",2019-11-19 10:24:49,0,0,United Kingdom
peterbonda007,"This storyline will be interesting, horrific, unbelievable and true. 

Way beyond any soap!

#EastEnders #Corrieâ€¦ https://t.co/S2ak8nwshR",2019-11-19 10:20:28,1,1,"North West, England"
GAMENewcastle,"Today's New Releases!

#FootballManager2020 #ShenmueIII #VRPingPongPro https://t.co/vCzkRrEMft",2019-11-19 10:20:00,1,0,"Newcastle Upon Tyne, England"
TGORyann,Go home football manager youâ€™re drunk #FM20ReleaseDay #FootballManager2020 #Lufc https://t.co/yJm5kQZmo3,2019-11-19 10:19:36,0,0,Star city
edu97martinez,Download almost complete for #FootballManager2020,2019-11-19 10:19:10,0,0,"Stuttgart, Germany"
GameAndroidnews,"RT @InvisionGameCom: #FootballManager2020, the latest title in the long-running series from Sports Interactive and #SEGA Europe Ltd. is outâ€¦",2019-11-19 10:17:44,0,1,"Donegal, Ireland"
InvisionGameCom,"#FootballManager2020, the latest title in the long-running series from Sports Interactive and #SEGA Europe Ltd. isâ€¦ https://t.co/WVjvaoMbvb",2019-11-19 10:17:10,0,1,"Wales, United Kingdom"
SteamXo,"ã€ŠFootball Manager 2020ã€‹IGNè©•åˆ†8.7 å°æ–°æ‰‹æ›´åŠ å‹å¥½
#æ¨¡æ“¬ #FM2020 #FootballManager2020 #è¶³çƒç¶“ç†2020
https://t.co/XSfki8JGL3",2019-11-19 10:12:08,0,0,
Wiggerl1199,#FM20 #FM2020 #Sega #FootballManager2020 Seit heute ist der Football Manager 2020 raus. SchÃ¶ner und zugÃ¤nglicher alâ€¦ https://t.co/KlMZEIs6Oo,2019-11-19 10:09:08,0,0,
CornmillCentre,"RT @GAMEDarlington: BRAND NEW!!
Take your team to victory with #FootballManager2020!! Enjoy a new VR experience with Ping Pong Pro!! And foâ€¦",2019-11-19 10:03:41,0,1,"Darlington, England"
HeardJake,RT @gafferwoodsy85: Well I suppose this will have to do for now #FootballManager2020 #FreeAgent ğŸ˜‚ https://t.co/SIHxUmtVLH,2019-11-19 10:02:22,0,1,
lcfcalex,@FootballManager Any help on how to stop this from happening when i hover over anything? #FM20 #FootballManager2020 https://t.co/IBZTU2c5G1,2019-11-19 10:00:11,0,0,"leicester, Hinckley"
SalltMr,"On tente de gagner la coupe d'Islande !! #fm20 #FootballManager2020
#FM2020 https://t.co/oOUdKAzBOP",2019-11-19 09:57:36,0,0,
cheriedailly,So the other half has decided he's going to dissappear from the face of the planet today due to the release of footâ€¦ https://t.co/KvY7TYSaru,2019-11-19 09:56:29,0,0,"Aberdeen, Scotland"
GAMEDarlington,"BRAND NEW!!
Take your team to victory with #FootballManager2020!! Enjoy a new VR experience with Ping Pong Pro!! Anâ€¦ https://t.co/uY1j6fzmmC",2019-11-19 09:55:49,1,1,Cornmill Centre Darlington
all_flying,Has anyone been fired for going over budget this year? Think I made a mistake.... I went full Oprah on the lower leâ€¦ https://t.co/JO5fjMTsnn,2019-11-19 09:48:25,1,0,"Las Vegas, NV"
AY3JA3Y,Me to Xhaka and Mustafi on my first day as manager #FootballManager2020 #FM20ReleaseDay https://t.co/sDwXxS5k3I,2019-11-19 09:44:48,11,0,
gdoctor,"Can't decide, start as Chelsea or start lower, or go abroad?? #happyfm2020 #FootballManager2020",2019-11-19 09:35:05,1,0,"London, England"
GamosaurusFR,"Une petite envie de #FootballManager2020 ? Ã‡a tombe bien, il sort et aujourd'hui (le hasard ?) et pour l'occasion,â€¦ https://t.co/z68ES95FZ2",2019-11-19 09:35:00,0,0,
GAMEGreenock,"Also out today, #FootballManager2020 arrives on PC, bringing its textbook gameplay with it.
Prove your better thanâ€¦ https://t.co/kvBGkEMUuc",2019-11-19 09:34:34,0,0,"Greenock, UK"
GAMEBootle,#FootballManager2020 is OUT NOW and available to buy in store for #PC. https://t.co/qpBOhn0AsC,2019-11-19 09:28:12,0,0,"Liverpool, England"
TiS_Official_,@rei_suzukiiiii #FootballManager2020,2019-11-19 09:26:55,0,0,ã‚¦ã‚¤ã‚¤ãƒ¬ã‚¢ãƒ—ãƒªã§ä¼ãˆã‚‹ã‚µãƒƒã‚«ãƒ¼ã®é­…åŠ›ã€‚
HeelFrancesco,"RT @Gabratta: Comunque oggi Ã¨ il giorno di #FootballManager2020 e l'unica cosa che dirÃ² Ã¨...SBRIGATEVI CON I DATABASE DALLA SERIE D IN GIÃ™,â€¦",2019-11-19 09:26:34,0,1,"Sicilia, Italia"
elcorteingles,RT @EspVideojuegos: Es el momento de demostrar que eres el mejor entrenador para tu equipo. ğŸ“‹âš½ï¸ Â¡Ya a la venta #FootballManager2020 en @elcâ€¦,2019-11-19 09:24:58,0,2,
FmLoad,"RT @FmLoad: It's episode 5 of my #FM20Beta save with @LutonTown. We're back to face @premierleague opposition, as we head to @afcbournemoutâ€¦",2019-11-19 09:22:00,0,3,
FmLoad,"RT @FmLoad: It's Season 2 Episode 5 of my #FM20 story, with @DorkingWDRS. Today, we play title chasing @DulwichHamletFC in the @TheVanaramaâ€¦",2019-11-19 09:21:53,0,2,
KochMedia_es,RT @EspVideojuegos: Es el momento de demostrar que eres el mejor entrenador para tu equipo. ğŸ“‹âš½ï¸ Â¡Ya a la venta #FootballManager2020 en @elcâ€¦,2019-11-19 09:21:52,0,2,EspaÃ±a
EspVideojuegos,Es el momento de demostrar que eres el mejor entrenador para tu equipo. ğŸ“‹âš½ï¸ Â¡Ya a la venta #FootballManager2020 enâ€¦ https://t.co/lIKIuQiYnn,2019-11-19 09:21:17,2,2,
spudbuster7,"@FootballManager #FootballManager2020 #FM20ReleaseDay 
Literally given up playing it for today please have a fix byâ€¦ https://t.co/zfRBerAHkw",2019-11-19 09:19:37,1,0,"England, United Kingdom"
thompsett_matt,Happy #FootballManager2020 day #FM20ReleaseDay,2019-11-19 09:13:55,1,0,"Malton, England"
Gabratta,Comunque oggi Ã¨ il giorno di #FootballManager2020 e l'unica cosa che dirÃ² Ã¨...SBRIGATEVI CON I DATABASE DALLA SERIEâ€¦ https://t.co/3vbgwjt9ih,2019-11-19 09:12:32,1,1,The Riff Filled Land formerly known as Agrigento
GAMEKiddy,"Football Manager 2020 is OUT NOW on PC!
Grab a copy in-store today!

Remember! Football games are cheaper when youâ€¦ https://t.co/IdOW8Xhat5",2019-11-19 09:11:15,0,0,"1 Coventry Street, Kiddy"
_H4RT_,"@FootballManager 2020 is OUT. Thatâ€™s the mobile version installed already... no more boredom for me, for a SUBSTANTâ€¦ https://t.co/IEp2XXnVnM",2019-11-19 08:59:58,0,0,"England, United Kingdom"
TURO_arcade,Attends mais câ€™est la sortie de #FootballManager2020 aujourdâ€™hui! Tradition oblige jâ€™ai repris le combo FM20 Mobileâ€¦ https://t.co/zVagLAuKEA,2019-11-19 08:57:01,0,0,"Paris, France"
jack_ruthers,#FootballManager2020 launch day BABYğŸ˜ğŸ˜ğŸ˜,2019-11-19 08:41:11,0,0,"Dublin City, Ireland"
__Erwan__,Quel Ã©quipe pour commencer sur FM 2020 ? #FootballManager2020,2019-11-19 08:36:20,0,0,"Rouen, France"
cdChicasGamers,"Ya estÃ¡ disponible #FootballManager2020 en todas sus versiones:

Football Manager 2020 (para PC y Mac), Football Maâ€¦ https://t.co/cscrlXTeV7",2019-11-19 08:36:08,1,0,"Madrid, EspaÃ±a"
Fozzer95,"RT @MadScientistFM: ğŸ“¢ BIG ANNOUNCEMENT ğŸ‘€

Coming this season for FM20 âš½ï¸

The 2006/07 DB ğŸ’¾

Check out the trailer ğŸ‘‡

https://t.co/pLcWvmf6vâ€¦",2019-11-19 08:30:31,0,16,The Fortress of Solitude
Iam_Jyde,RT @iam_TUNADEZ: Any link to download #FootballManager2020 ?,2019-11-19 08:22:22,0,1,ILORIN
sibonski,To buy #FootballManager2020 or not ??,2019-11-19 08:18:09,1,0,"Ealing, London"
TYgmfTY,"#FootballManager2020 #FM20 
@OfficialASRoma iÃ§in transfer adaylarÄ±nÄ±  yorumlarda belirtelim",2019-11-19 08:17:21,0,0,
gafferwoodsy85,Well I suppose this will have to do for now #FootballManager2020 #FreeAgent ğŸ˜‚ https://t.co/SIHxUmtVLH,2019-11-19 08:16:26,10,1,"Epsom, South East"
TYgmfTY,Vize sonrasÄ± @OfficialASRoma yÄ± ÅŸampiyon yapma yolunda ilk adÄ±m atÄ±ldÄ±.#FootballManager2020 #FM20 https://t.co/LsGd00Bw9k,2019-11-19 08:15:24,0,0,
NaterRapha,"Caption this ğŸ‘‡ğŸ¼ğŸ‘‡ğŸ¼

Me- Abeg bite your defenders make I go score nah

#chickenrepublic #FootballManager2020 #Ghanaâ€¦ https://t.co/Nplm2fjkud",2019-11-19 08:10:09,0,0,"Abuja, Nigeria"
stianblank,#FootballManager2020 official release on my birthday. Can't get much better than this!,2019-11-19 08:09:51,0,0,Norway
Kelvintawandas1,"RT @DanSandberg95: ğŸ’·Football manager 2020 Giveaway
â¤ï¸Like this tweet
ğŸ‘¥Follow me
      RT this tweet

âœï¸Then you have a chance to win a COPYâ€¦",2019-11-19 08:08:09,0,70,
masonb9,Still time to vote @KTFCOfficial @DorkingWDRS @CurzonAshton @altrinchamfc @FootballManager #fm20 #FootballManager2020 #llm âš½ï¸ğŸ‘Œ,2019-11-19 08:01:35,0,0,Leicester
iam_TUNADEZ,Any link to download #FootballManager2020 ?,2019-11-19 07:57:10,1,1,
Gametivi,"Ã dag kemur Ãºt #FootballManager2020 munu Ã¾iÃ° verÃ°a Ã³vÃ¦nt lasinn Ã­ dag eftir aÃ° Ã¾iÃ° eruÃ° komin meÃ° leikinn? 

Okkurâ€¦ https://t.co/VDfFq9pYCA",2019-11-19 07:56:23,2,0,Iceland
Iam_Jyde,"RT @iam_TUNADEZ: #FootballManager2020
#FootballManager2020
#FootballManager2020
#FootballManager2020
#FootballManager2020

Cc: @Iam_Jyde @Bâ€¦",2019-11-19 07:56:12,0,0,ILORIN
PascouFrey,"RT @eLS_Officiel: â˜˜ï¸ #JeuConcours #FM20

#Ã‰crivezLeFutur avec FMFrance ğŸ™Œ

ğŸ‘€ğŸ§¡ğŸ’›ğŸ’œ

Gagne 1 JEU #FootballManager2020 

1ï¸âƒ£ RT ce Tweet

2ï¸âƒ£ Folâ€¦",2019-11-19 07:55:46,0,358,"Boulogne-Billancourt, France"
Juchtervbergen,RT @Juchtervbergen: #av #FootballManager2020 #games #gaming #google Google Stadia will have 10 more games at launch https://t.co/80M0Lm05wzâ€¦,2019-11-19 07:54:31,0,2,"Schiphol-Rijk, Haarlemmermeer"
Ads_7,My day is complete #FootballManager2020 https://t.co/SvNAnYEdIg,2019-11-19 07:45:36,0,0,Telford
HaarryWaalsh,"Turn Trent Alexander Arnold into a central midfielder on #FootballManager2020 
Thank me later 
#FM20ReleaseDay #FM20",2019-11-19 07:44:41,1,0,Uk
GarauPina,"RT @smxworld: Allora, ho preso #FootballManager2020: mo qualcuno dovrÃ  spiegare a Gazidis ed Elliott che a me non me ne fotte un cazzo dellâ€¦",2019-11-19 07:37:23,0,4,
Iam_Jyde,"RT @dazothomson: Football manager 20 is out !!!
Need to get the suit out !!
#FM20 #FootballManager2020",2019-11-19 07:33:09,0,2,ILORIN
lp_retweets,"RT @DenntoLP: FOOTBALL MANAGER 2020
Folge 002: Ich scoute Eure Spieler!

â–º Folge ansehen: https://t.co/Td30z70fwm

#FootballManager2020 #Foâ€¦",2019-11-19 07:32:05,0,2,
aamokachii,"FM 2020

HÃ¢lÃ¢ oyun motoru Ã§ok Ã§ok kÃ¶tÃ¼.2008â€™dekinden hiÃ§bir farkÄ± yok neredeyse.Åu gÃ¶rÃ¼ntÃ¼den fersah fersah iyi mobâ€¦ https://t.co/vyMSWEGAtf",2019-11-19 07:21:37,3,0,
FMCreators,"RT @RichardDavies20: AND IT'S LIVE! Episode 4 of #revivingbolton please give it a watch

https://t.co/zv3tgWbuI9

@FMCreators @fmc_show @Paâ€¦",2019-11-19 07:09:51,0,1,
BomberConnor,Thats me being a hermit over Christmas ğŸ˜‚ğŸ‘ŒğŸ» #FM2020 #FootballManager2020 https://t.co/nFXETcauC8,2019-11-19 07:01:36,5,0,Earlestown North West England
MSocksGaming,"RT @MadScientistFM: The Football Manager 2020 Editor is out now ğŸ™ŒğŸ™ŒğŸ™Œ

The process has begun....
The 2006/07 DB is in the making ğŸ’¾

#Footballâ€¦",2019-11-19 06:43:51,0,19,
mateoleonardd,"RT @eLS_Officiel: â˜˜ï¸ #JeuConcours #FM20

#Ã‰crivezLeFutur avec FMFrance ğŸ™Œ

ğŸ‘€ğŸ§¡ğŸ’›ğŸ’œ

Gagne 1 JEU #FootballManager2020 

1ï¸âƒ£ RT ce Tweet

2ï¸âƒ£ Folâ€¦",2019-11-19 06:38:28,0,358,"Beaulieu-sous-la-Roche, France"
Pssst_Craig,Art imitating life #FootballManager2020 https://t.co/f6X4zcOGtY,2019-11-19 06:28:51,0,0,"East Kilbride, Scotland"
Pssst_Craig,One for Celtic supporters to moan about 2 penalties to Rangers and the other team having a player sent off ğŸ˜â€¦ https://t.co/fQU2HYwYKT,2019-11-19 06:26:56,1,0,"East Kilbride, Scotland"
AlexisEluecque,"RT @Tooonss: ğŸ’»âš½ï¸ Une pensÃ©e pour nos femmes... #FM20  #FootballManager2020 
ğŸ™ Thanks @milesSI 
Bon jeu Ã  tous https://t.co/1DifFLpcrm",2019-11-19 06:02:35,0,5,
gzBlitz,"So excited to start a long term career with Football Manager 2020 today, but the player database has some serious pâ€¦ https://t.co/tLQqTmgJd1",2019-11-19 06:00:46,0,0,"Plymouth, MN"
arlhhot,"RT @DeportesKC: Gracias a todos los que se pasaron. Una locura el #FootballManager2020 y que se jugarÃ¡ por lo menos un dÃ­a a la semana.

Elâ€¦",2019-11-19 05:55:17,0,2,Quito Ecuador
ynderberg,"#FootballManager2020 estÃ¡ disponible en PC, Mac, iOs y Android https://t.co/kxJ7YU8OVX https://t.co/wyd4kiwRr9",2019-11-19 05:26:51,0,0,
frikig4mers,"#FootballManager2020 estÃ¡ disponible en PC, Mac, iOs y Android https://t.co/XsxUxRTKuw https://t.co/PR6hsIpT4k",2019-11-19 05:26:50,0,0,Dominican Republic
ozyavasm,#FootballManager2020 ilk derbi ğŸ˜˜ #BizimYolumuzBaÅŸka @Besiktas https://t.co/Jy78hY78pn,2019-11-19 05:23:20,0,0,
GyakusyunoReds,"ãƒªã‚¶ãƒ¼ãƒ–ã«ã„ã‚‹é¸æ‰‹ã‚’ãƒˆãƒƒãƒ—ã«
å¼•ãä¸Šã’ã‚‹æ™‚ã«ã€æ¬¡ã®è©¦åˆã ã‘
ã¨ã„ã†é¸æŠè‚¢ãŒå¢—ãˆãŸã®ä¾¿åˆ©ã€‚

ç‰¹ã«ãƒ—ãƒ¬ãƒŸã‚¢ãƒªãƒ¼ã‚°ã¯ã‚«ãƒ©ãƒã‚ª
ã‚«ãƒƒãƒ—ç­‰ã§éå¯†æ—¥ç¨‹ãªã®ã§ã€
ãƒªã‚¶ãƒ¼ãƒ–ã®è‹¥æ‰‹ã®åŠ›ã¯å¿…è¦ã§ã™ã­

#FootballManager2020 https://t.co/YX9dweizzA",2019-11-19 05:16:58,0,0,æ—¥æœ¬
Villegas194,"RT @DeportesKC: Gracias a todos los que se pasaron. Una locura el #FootballManager2020 y que se jugarÃ¡ por lo menos un dÃ­a a la semana.

Elâ€¦",2019-11-19 04:47:35,0,2,
Villegas194,"RT @DeportesKC: ğŸ”´EN VIVO: #FootballManager2020 

Tus ojos no te engaÃ±an. Don Carlino Reynoso regresa a los banquillos...Â¿con quÃ© equipo serâ€¦",2019-11-19 04:47:26,0,5,
DeportesKC,Gracias a todos los que se pasaron. Una locura el #FootballManager2020 y que se jugarÃ¡ por lo menos un dÃ­a a la semâ€¦ https://t.co/FbfAbwj1tW,2019-11-19 04:46:57,38,2,"Guadalajara, Jalisco"
abrie_ferreira,"RT @MadScientistFM: The Football Manager 2020 Editor is out now ğŸ™ŒğŸ™ŒğŸ™Œ

The process has begun....
The 2006/07 DB is in the making ğŸ’¾

#Footballâ€¦",2019-11-19 04:31:42,0,19,
all_flying,"For those of you doing English lower league saves.

Does it seem like there is way too much talent unsigned layingâ€¦ https://t.co/uPK0FNQinA",2019-11-19 04:26:06,2,0,"Las Vegas, NV"
DarkHeartBuitre,"RT @DeportesKC: ğŸ”´EN VIVO: #FootballManager2020 

Tus ojos no te engaÃ±an. Don Carlino Reynoso regresa a los banquillos...Â¿con quÃ© equipo serâ€¦",2019-11-19 04:18:34,0,5,
FmSudakas,"HÃ¡blame de alegrÃ­a â¤ï¸

Tenemos nuestro rincÃ³n @FootballManager ğŸ‡¦ğŸ‡·

Se vienen cosas buenas para este FM

Romperemosâ€¦ https://t.co/QinqcYuJ2c",2019-11-19 03:39:03,9,0,
arlhhot,"RT @DeportesKC: ğŸ”´EN VIVO: #FootballManager2020 

Tus ojos no te engaÃ±an. Don Carlino Reynoso regresa a los banquillos...Â¿con quÃ© equipo serâ€¦",2019-11-19 02:53:52,0,5,Quito Ecuador
OfficialShawnMc,"I'm proud of the kids in #Compton 
Out there playing hard and getting good grades #Footballcomptonâ€¦ https://t.co/eqDm9eVD6K",2019-11-19 02:53:10,0,0,"California, USA"
dani3l_h_5alvio,"RT @DeportesKC: ğŸ”´EN VIVO: #FootballManager2020 

Tus ojos no te engaÃ±an. Don Carlino Reynoso regresa a los banquillos...Â¿con quÃ© equipo serâ€¦",2019-11-19 02:44:07,0,5,"Guadalajara, Jalisco"
SteveRocker37,"RT @DeportesKC: ğŸ”´EN VIVO: #FootballManager2020 

Tus ojos no te engaÃ±an. Don Carlino Reynoso regresa a los banquillos...Â¿con quÃ© equipo serâ€¦",2019-11-19 02:29:26,0,5,"Puebla, MÃ©xico"
DeportesKC,"ğŸ”´EN VIVO: #FootballManager2020 

Tus ojos no te engaÃ±an. Don Carlino Reynoso regresa a los banquillos...Â¿con quÃ© eqâ€¦ https://t.co/wgHop9vr5q",2019-11-19 02:28:33,42,5,"Guadalajara, Jalisco"
Solvik_liberal,#FM2020 i salg: https://t.co/qVUjaVKP6s #FootballManager2020,2019-11-19 01:59:32,0,0,Norge 
MrMostafaMiah,Why has the game crashed already?! @FootballManager  #FootballManager2020 #FM20ReleaseDay #FM20,2019-11-19 01:54:31,0,0,Northampton
iam_TUNADEZ,"RT @dazothomson: Football manager 20 is out !!!
Need to get the suit out !!
#FM20 #FootballManager2020",2019-11-19 01:49:22,0,2,
Satr14rsenal,"RT @MadScientistFM: The Football Manager 2020 Editor is out now ğŸ™ŒğŸ™ŒğŸ™Œ

The process has begun....
The 2006/07 DB is in the making ğŸ’¾

#Footballâ€¦",2019-11-19 01:48:02,0,19,chat shit asahinated
Muted79,"RT @TCSSkin: What was this bug and how did we fix it? The following guide explains it and how skinners can fix it.
@FMwkdsoul #FM20 #Footbaâ€¦",2019-11-19 01:34:11,0,1,"Melbourne, Australia"
TCSSkin,"What was this bug and how did we fix it? The following guide explains it and how skinners can fix it.
@FMwkdsoulâ€¦ https://t.co/nCatdPCTLs",2019-11-19 01:31:02,2,1,
abboydo,Oh yehhh #FootballManager2020 #Mobile https://t.co/lpAk8jNUvb,2019-11-19 01:27:57,0,0,Liverpool
AlessandraColli,Forza milan zebre merda #FootballManager2020,2019-11-19 01:15:12,0,0,
haryoxz,"The Second Division: Australian Championship

""Added North Qld Fury into the league from extinction""

Bass Strait Dâ€¦ https://t.co/3QhwzKlJZF",2019-11-19 01:04:50,1,0,
haryoxz,"This is the current #aleague (Australian Premier League) teams. Any derbies suggestions, replacement teams or rivalâ€¦ https://t.co/Gpt64gvUPv",2019-11-19 00:59:19,2,0,
PietroMarano_,"Forgot how addictive football manager is. Almost 4 hours played today and only two pre season games in, I got so inâ€¦ https://t.co/KsJbqlMUVf",2019-11-19 00:56:26,0,0,England
HGemsReviews,This banner for #FootballManager2020 on Steam looks like a Flash ad from the early 2000s: https://t.co/C1W3xGvQ7H,2019-11-19 00:49:22,0,0,NY
Bagolol__,@Rtupoke mo nanya min #FootballManager2020 di steam sama di hp bedanya apa?sama seruan dimana?baru mau main soalnyağŸ˜…,2019-11-19 00:15:58,0,0,Indonesia
HoneymadeSerb,"RT @DanSandberg95: ğŸ’·Football manager 2020 Giveaway
â¤ï¸Like this tweet
ğŸ‘¥Follow me
      RT this tweet

âœï¸Then you have a chance to win a COPYâ€¦",2019-11-19 00:12:44,0,70,
dazothomson,"Football manager 20 is out !!!
Need to get the suit out !!
#FM20 #FootballManager2020",2019-11-19 00:08:48,2,2,Cill Dâ€™Fhinnein
joannes3000,First season is in the books. Weâ€™ve promoted to League One and Iâ€™m ready to get back to work. @NewportCountyâ€¦ https://t.co/ZXRB5fVbCn,2019-11-19 00:06:32,1,0,The fog
javicalvo14,"Empezamos el #FM20 !!! 
Empezamos la andadura en el @Burgos_CF para llevarlo lo mÃ¡s lejos posible.â€¦ https://t.co/LW8TryJEAa",2019-11-19 00:06:06,3,0,Barcelona
GermanTwitchRT,"RT @DenntoLP: FOOTBALL MANAGER 2020
Folge 002: Ich scoute Eure Spieler!

â–º Folge ansehen: https://t.co/Td30z70fwm

#FootballManager2020 #Foâ€¦",2019-11-19 00:01:53,0,2,
DenntoLP,"FOOTBALL MANAGER 2020
Folge 002: Ich scoute Eure Spieler!

â–º Folge ansehen: https://t.co/Td30z70fwmâ€¦ https://t.co/ioatPlD8Ng",2019-11-19 00:00:00,2,2,Nordrhein-Westfalen
ArakiRyuichi10,"RT @eLS_Officiel: â˜˜ï¸ #JeuConcours #FM20

#Ã‰crivezLeFutur avec FMFrance ğŸ™Œ

ğŸ‘€ğŸ§¡ğŸ’›ğŸ’œ

Gagne 1 JEU #FootballManager2020 

1ï¸âƒ£ RT ce Tweet

2ï¸âƒ£ Folâ€¦",2019-11-18 23:50:39,0,358,"Evry, France"
sanjuniperotv,"Peki yeni soru geliyor,

Seri baÅŸÄ± olarak girdiÄŸimiz kurada kimle eÅŸleÅŸmek istersiniz ? ğŸ™„ğŸ™„ğŸ™„

*FC RB Salzburg ile eÅŸâ€¦ https://t.co/H6lAfgcbKh",2019-11-18 23:49:15,0,0,"Ä°stanbul, TÃ¼rkiye"
fajariziki,Yang dinanti #FootballManager2020 https://t.co/VWK8xJCrPp,2019-11-18 23:38:59,0,0,Jakarta
GyakusyunoReds,"CLã§ãƒ¬ã‚¢ãƒ«ãƒãƒ‰ãƒªãƒ¼ãƒ‰ã¨åŒã˜
ã‚°ãƒ«ãƒ¼ãƒ—ã«å…¥ã£ã¦ã—ã¾ã£ãŸã€‚

ã‚¢ã‚¶ãƒ¼ãƒ«ã¨å¯¾æˆ¦ã™ã‚‹ã®ãŒæ¥½ã—ã¿

#FootballManager2020 https://t.co/NrF8KPL1dK",2019-11-18 23:32:23,0,0,æ—¥æœ¬
sanjuniperotv,"@yenersoy_murat Ä°lk olarak bildiÄŸimizden  baÅŸlayalÄ±m dedik, bizi yanÄ±ltmadÄ±,
UCL D Grubu son maÃ§Ä±, mutlak galibiyetâ€¦ https://t.co/jemPkGTWbB",2019-11-18 23:17:19,0,0,"Ä°stanbul, TÃ¼rkiye"
onurcccelik,aylardÄ±r heyecanla beklediÄŸim football manager 2020 ve mobili bugÃ¼n yine heyecanla aldÄ±m. bu kadar bÃ¼yÃ¼k hayal kÄ±rÄ±â€¦ https://t.co/GSz8D286DY,2019-11-18 23:09:55,0,0,"Ã‡anakkale, TÃ¼rkiye"
ChrisPlatts8,"The beginning of my #FootballManager2020 full version is about to begin. No qualifications, Sunday league experiencâ€¦ https://t.co/ACOcJEk84m",2019-11-18 23:08:02,3,0,"Cranwell, England"
lead_farmerxx,"NEW Football Manager channel with a new uncut, live series coming tomorrow! Make sure to check it out!â€¦ https://t.co/Zw3z7NXsUS",2019-11-18 23:07:34,2,0,
False10_433,"Aguero strength 13, Marcos Alonso 15. What the fuck are you smoking? @FootballManager #FootballManager2020 #FM20",2019-11-18 23:02:08,0,0,
Passion4FM,"#FM20 Essential Downloads: 
âš½ Players &amp; Staff â­

FM20 Wonderkids: https://t.co/gfdIYEG16l

English Talents:â€¦ https://t.co/mnAPIzRWJD",2019-11-18 22:55:00,3,0,Norway
Yan_soler,"RT @Tooonss: ğŸ’»âš½ï¸ Une pensÃ©e pour nos femmes... #FM20  #FootballManager2020 
ğŸ™ Thanks @milesSI 
Bon jeu Ã  tous https://t.co/1DifFLpcrm",2019-11-18 22:53:09,0,5,"Perpignan, France"
patguerreiro_,"RT @MadScientistFM: The Football Manager 2020 Editor is out now ğŸ™ŒğŸ™ŒğŸ™Œ

The process has begun....
The 2006/07 DB is in the making ğŸ’¾

#Footballâ€¦",2019-11-18 22:49:04,0,19,"Southport, England"
LivesPudy,Thinking about starting a #FootballManager2020 twitch stream - who'd watch? Starting unemployed with twitch chat voting decisions...,2019-11-18 22:48:45,0,0,
Krauersaut,"RT @FMzweierkette: Freunde der Sonne!ğŸŒ Ab Mittwoch wird wieder regelmÃ¤ÃŸig gestreamt. So sieht der Plan fÃ¼r die #FM20-Releasewoche aus:
#Wirâ€¦",2019-11-18 22:45:18,0,7,"Hamm, Nordrhein-Westfalen"
DerSeemann,"Da ist es, das geile StÃ¼ck! #FM20 #FootballManager2020 @FootballManager @caschy https://t.co/1sBhuUqWSs",2019-11-18 22:40:03,0,0,âš“ï¸ Bremen - Germany
CptJeff,"Raiders Set Up Ready To Go For Tomorrow, Who Want To Be A Player? #FM20 #FootballManager2020 https://t.co/9QrSnNCs5c",2019-11-18 22:35:11,1,0,United Kingdom
himalay07570127,"RT @eLS_Officiel: â˜˜ï¸ #JeuConcours #FM20

#Ã‰crivezLeFutur avec FMFrance ğŸ™Œ

ğŸ‘€ğŸ§¡ğŸ’›ğŸ’œ

Gagne 1 JEU #FootballManager2020 

1ï¸âƒ£ RT ce Tweet

2ï¸âƒ£ Folâ€¦",2019-11-18 22:31:15,0,358,"Indre-et-Loire, Centre"
FmSudakas,"Ya actualizamos el @FootballManager 

Hay que dejar en condiciones esa pieza que va a ser el laboratorio FM este aÃ±â€¦ https://t.co/KdxrJbEq4F",2019-11-18 22:30:40,5,0,
ali_hobson,"RT @MadScientistFM: The Football Manager 2020 Editor is out now ğŸ™ŒğŸ™ŒğŸ™Œ

The process has begun....
The 2006/07 DB is in the making ğŸ’¾

#Footballâ€¦",2019-11-18 22:25:55,0,19,Home
RwandaLakefront,"Great headline!

#Footballmanager2020 #FM20 #RwandaLakefront https://t.co/19909559D0",2019-11-18 22:21:38,0,0,
AceArts_Sean,"RT @MadScientistFM: The Football Manager 2020 Editor is out now ğŸ™ŒğŸ™ŒğŸ™Œ

The process has begun....
The 2006/07 DB is in the making ğŸ’¾

#Footballâ€¦",2019-11-18 22:20:42,0,19,
Ludo_Go,"RT @eLS_Officiel: â˜˜ï¸ #JeuConcours #FM20

#Ã‰crivezLeFutur avec FMFrance ğŸ™Œ

ğŸ‘€ğŸ§¡ğŸ’›ğŸ’œ

Gagne 1 JEU #FootballManager2020 

1ï¸âƒ£ RT ce Tweet

2ï¸âƒ£ Folâ€¦",2019-11-18 22:18:36,0,358,"Bourgogne, France"
SaagarSadique,"RT @MadScientistFM: The Football Manager 2020 Editor is out now ğŸ™ŒğŸ™ŒğŸ™Œ

The process has begun....
The 2006/07 DB is in the making ğŸ’¾

#Footballâ€¦",2019-11-18 22:11:47,0,19,
northbank_dom,@FootballManager #FootballManager2020? Completed it mate. https://t.co/IZJuuGEeXB,2019-11-18 22:05:41,0,0,"Romford, London"
HonestFootball3,"RT @FmLoad: It's Season 2 Episode 5 of my #FM20 story, with @DorkingWDRS. Today, we play title chasing @DulwichHamletFC in the @TheVanaramaâ€¦",2019-11-18 22:05:33,0,2,England
