heyybalee,"RT @heyybalee: Kek bau"" apa gitu, apa mulut deket sama idung?? ....
.
.
.
.
.
.
.
#bacotansantuy #ambyar #santuy #Vans #vansindo #indie #reâ€¦",2019-11-17 18:25:26,0,1,"DKI Jakarta, Indonesia"
heyybalee,"Kek bau"" apa gitu, apa mulut deket sama idung?? ....
.
.
.
.
.
.
.
#bacotansantuy #ambyar #santuy #Vans #vansindoâ€¦ https://t.co/7l6CNqSKee",2019-11-17 18:24:12,1,1,"DKI Jakarta, Indonesia"
Techlovi1,"Realme 5S replace Realme 5.
#realmeX2Pro #Realme5s #realme5pro #realmeXT730G #FasterSharperBolder https://t.co/wYRKzKvG7f",2019-11-17 16:07:40,1,0,
TechieGuy_,"Realme 5S replace Realme 5.
#realmeX2Pro #Realme5s #realme5pro #realmeXT730G #FasterSharperBolder https://t.co/VBy35ayeSj",2019-11-17 13:47:21,4,0,"à¤—à¥à¤œà¤°à¤¾à¤¤, à¤­à¤¾à¤°à¤¤"
suranasaurabh55,RT @MadhavSheth1: Amazing news! The much awaited Bootloader Unlock for #realme5Pro is here. Head to the #realmeCommunity to know the step-bâ€¦,2019-11-17 12:14:03,0,54,India
suranasaurabh55,"RT @MadhavSheth1: Get #realme5Pro during #realmeFestiveDays sale on @Flipkart with:
- Extra 10% off on prepaid transactions (&lt;=â‚¹1000)
- 10%â€¦",2019-11-17 12:07:42,0,36,India
suranasaurabh55,RT @MadhavSheth1: Wow! What a lovely capture on the Macro lens of the 48MP AI Quad Camera of #realme5Pro. The vivid colour as well as the dâ€¦,2019-11-17 12:05:24,0,27,India
suranasaurabh55,RT @MadhavSheth1: Looking for a PRO device this festive season under 15K price segment? Well I don't have 1 but 2 options for you. #realme3â€¦,2019-11-17 12:04:49,0,61,India
imdeb76,#mobilephotography #photography #realme5pro #Bagheera #cat #blackcat @realmemobiles @peta @MadhavSheth1 @Flipkart https://t.co/CGdTIUfCUn,2019-11-17 12:03:53,0,0,Sambalpur
suranasaurabh55,RT @MadhavSheth1: I have a grand offer for you which i am sure you guys will love! The net effective price of #realme5Pro during #realmeFesâ€¦,2019-11-17 12:03:50,0,58,India
TekniStore,"Realme 5 Pro Global 6.3 inch FHD+ 4035mAh Battery 4GB RAM 128GB ROM Octa Core Smartphone
ğŸ”¥ IN STOCK ğŸ”¥
ğŸ‘‰ Link to Proâ€¦ https://t.co/e9AqV8yL0F",2019-11-17 10:53:03,0,0,Hong Kong
SheikhA10900644,@realmemobiles #Realme5ProğŸ˜ğŸ˜,2019-11-17 09:31:02,2,0,
thebestinph,"RT @GetNashTee: 2019 BEST Smartphones in the Philippines PHP10,001-15,000 (Q1-Q3 2019) - Watch Here: https://t.co/8M27rYbCjd #smartphone #mâ€¦",2019-11-17 04:13:32,0,1,
GetNashTee,"2019 BEST Smartphones in the Philippines PHP10,001-15,000 (Q1-Q3 2019) - Watch Here: https://t.co/8M27rYbCjdâ€¦ https://t.co/sWKFtezO2P",2019-11-17 04:00:24,0,1,Republic of the Philippines
gsminside_,"Penerus realme 5 segera hadir
Cek video diğŸ‘‡
https://t.co/RCdFb7PTtR

#realme6 #realme #realme5pro #realme5sâ€¦ https://t.co/HmvGlvUHov",2019-11-17 01:19:15,0,0,Indonesia
p3ndiMark,"Lampion Garden
.
.
.
#Realme5pro #5hot4You #QuadCameraPowerHero #DareToLeap @ Lampion Garden https://t.co/MsrQpfeJal",2019-11-16 19:13:06,0,0,"Tomohon, Indonesia"
p3ndiMark,"LAMPION Garden
.
.
.
#Realme5pro #5hot4You #QuadCameraPowerHero #DareToLeap @ BNS (Batu Night Spectacular) https://t.co/6yG9TRN02O",2019-11-16 19:08:09,0,0,"Tomohon, Indonesia"
p3ndiMark,"Sky, Cloud &amp; City
.
.
.
#Realme5pro #5hot4You #QuadCameraPowerHero #DareToLeap https://t.co/SZEW0YAdRo",2019-11-16 19:02:13,0,0,"Tomohon, Indonesia"
p3ndiMark,"Sky, Cloud, Island &amp; Sea
.
.
.
#Realme5pro #5hot4You #QuadCameraPowerHero #DareToLeap https://t.co/hZpolXffCE",2019-11-16 19:00:09,0,0,"Tomohon, Indonesia"
p3ndiMark,"Sky, Cloud, Island &amp; Sea
.
.
.
#Realme5pro #5hot4You #QuadCameraPowerHero #DareToLeap https://t.co/yNtShd37WL",2019-11-16 18:58:27,0,0,"Tomohon, Indonesia"
manumechster,"180gb irukku ğŸ˜ğŸ˜ğŸ˜ğŸ˜
#realme5pro ğŸ˜ğŸ˜ğŸ˜ğŸ˜ğŸ˜ https://t.co/k8gmaypQ7t",2019-11-16 18:56:44,5,0,Nellai
p3ndiMark,"Sky, Cloud, Island &amp; Sea
.
.
.
#Realme5pro #5hot4You #QuadCameraPowerHero #DareToLeap https://t.co/PP9JKPSUlz",2019-11-16 18:55:22,0,0,"Tomohon, Indonesia"
p3ndiMark,"Sky, Cloud, Island &amp; Sea
.
.
.
#Realme5pro #5hot4You #QuadCameraPowerHero #DareToLeap https://t.co/KXrr23gqoi",2019-11-16 18:53:32,0,0,"Tomohon, Indonesia"
p3ndiMark,"Sky, Cloud, Island &amp; Sea
.
.
.
#Realme5pro #5hot4You #QuadCameraPowerHero #DareToLeap https://t.co/WeE91vgMsl",2019-11-16 18:50:37,0,0,"Tomohon, Indonesia"
p3ndiMark,"Sky, Cloud, Island &amp; Sea
.
.
.
#Realme5pro #5hot4You #QuadCameraPowerHero #DareToLeap https://t.co/YG2FMgUaSU",2019-11-16 18:46:56,0,0,"Tomohon, Indonesia"
p3ndiMark,"Sky, Cloud, Island &amp; Sea
.
.
.
#Realme5pro #5hot4You #QuadCameraPowerHero #DareToLeap https://t.co/KHwdb4Y37B",2019-11-16 18:44:17,0,0,"Tomohon, Indonesia"
ChaitanyaVamsi2,"Which one is better? 
#realme5pro #RedmiNote8Pro 
#CHOICE #better",2019-11-16 14:08:23,0,0,"Vijayawada, India"
imabhishek999,"à¤…à¤ªà¤¨à¤¾ à¤µà¤¿à¤¶à¥à¤µà¤µà¤¦à¥à¤¯à¤¾à¤²à¤¯à¥¤à¥¤
#mobilephotography 
#nightmode
#realme5pro 
@realmecareIN 
@MadhavSheth1 https://t.co/bJqeoNd9k0",2019-11-16 13:38:56,0,0,"Allahabad, India"
sidhu_aman22,"RT @realmemobiles: When being left behind is never an option, you need a #realmeForTheRealYou to stay ahead. With Snapdragon 712 AIE procesâ€¦",2019-11-16 13:08:57,0,43,"Punjab, India"
sidhu_aman22,RT @realmemobiles: #realme5Pro is packed with some incredible features that makes it the real #QuadCameraSpeedster. Itâ€™s time to tell us yoâ€¦,2019-11-16 13:08:53,0,78,"Punjab, India"
sidhu_aman22,RT @realmemobiles: Explore the magical language of photography with the 48MP AI Quad Camera on #realme5Pro. This is the #realmeForTheRealYoâ€¦,2019-11-16 13:08:03,0,39,"Punjab, India"
sidhu_aman22,"RT @realmemobiles: Your gateway to a Pro life is here with #realme5Pro and #realme3Pro. With the best features in their segment, these smarâ€¦",2019-11-16 13:07:57,0,50,"Punjab, India"
KongGK2,#cat #konggk #realme5pro https://t.co/MaozzB14cV,2019-11-16 12:47:22,1,0,
themobile39,"Follow Us @themobile39 
  #VivoZ5 #Z1pro #AndroidPhone #Realme5 #Realme5pro #Realmephones #RealmeIndia #RealmeXâ€¦ https://t.co/P5lKfHgURC",2019-11-16 11:37:56,0,0,"Nashik, India"
FoneCafeDeGoa,"Real offer on #realme5pro get 1000 off on all 5pro variant, offline exclusive offer Donâ€™t miss it Hurry up!!!!
Rushâ€¦ https://t.co/s49BTb2LkQ",2019-11-16 08:32:03,0,0,Margao Goa
Mino47737138,"RT @Realme_PH: Your power to #LeapToQuadCamera is now within your reach!
Get the newest #realme5Pro starting at Php 11,990!

FREE realme 10â€¦",2019-11-16 07:46:57,0,1,Philippines 
Mino47737138,"RT @Realme_PH: Starting tomorrow, exclusive Lazada pre-orders can now get the first dibs of the #realme5Pro
We'll make it more exciting asâ€¦",2019-11-16 07:46:46,0,1,Philippines 
Mino47737138,"RT @Realme_PH: he #QuadCameraSpeedMaster will take you to the new evolution of power and speed!
Run the world in your hands with #realme5Prâ€¦",2019-11-16 07:46:01,0,1,Philippines 
Mino47737138,"RT @Realme_PH: The #realme5Pro's crystal back design will set a new standard for elegance and style that outshines among others.

Get the pâ€¦",2019-11-16 07:45:55,0,1,Philippines 
Mino47737138,"RT @Realme_PH: The #LeapToQuadCamera lineup just reached the top!â˜ï¸
The #realme5 and #realme5Pro were claimed as the Top 1 Smartphone underâ€¦",2019-11-16 07:45:16,0,2,Philippines 
adeelvirgo1984,@FrancisRealme is here anyone to beat this #realme5pro ğŸ˜œ https://t.co/MfGrAs0qEE,2019-11-16 07:31:40,0,0,"Karachi, Pakistan"
Satnpheonix,@realmemobiles By other phones u mean #realme5pro #realmext ??,2019-11-16 06:32:03,0,0,
fresh_founder,"New Realme 5S will have
SD665 + AMOLED 6.51Display + Quad Camera  &amp; a Red Variant Color for around â‚¹14000 ğŸ‘ğŸ‘â€¦ https://t.co/Xxf1Mu4OyC",2019-11-16 05:03:07,1,0,"New Delhi, India"
adi_s13,This is the photo clicked by me on #realme5pro . Liked the dynamic range of camera on it.#realmecommunityâ€¦ https://t.co/v53RMo5DDQ,2019-11-16 04:43:34,0,0,Goa
SwitzelCrismas1,@realmemobiles #realme5pro https://t.co/owVTsafqHg,2019-11-16 02:51:20,0,0,
SwitzelCrismas1,"@realmemobiles It's my first time to have a realme phone and it's really amazing in terms of it's performance, battâ€¦ https://t.co/oGILyUJLFI",2019-11-16 02:44:01,1,0,
Indocellmalang,"Which smartphone do you prefer ??
.
#RedmiNote8pro #SamsungM30s #RealmeXT #note8pro #samsungm30s #redminote8â€¦ https://t.co/OqhGxPFjop",2019-11-16 02:36:21,0,0,"Kota Malang, Jawa Timur"
MatthewSCuyugan,"EDSA-Boni. Friday traffic. ğŸ˜…

#realme5pro #daretoleap https://t.co/XiHfflbGcu",2019-11-16 00:03:26,2,0,
chikkay_rakho,@NOMIANSARI It's damn ugly. Have you recently seen a #realme5pro Android phone?,2019-11-15 19:58:17,1,0,"Lahore, Pakistan"
Sharat1906,"RT @realmecareIN: Unboxing &amp; taking a quick look at #realme5Pro with 48MP AI Quad Camera, Snapdragon 712 AIE &amp; 4035mAh battery with 20W VOOâ€¦",2019-11-15 18:54:06,0,28,"Hyderabad, India"
themobile39,"Realme 5s First Box Image....
Highlights - 5000mAh Battery &amp; Quadcam.... Expected Price- 11,999Rs (4/64)
.
Commentâ€¦ https://t.co/c6kHfBqK2U",2019-11-15 16:24:17,2,0,"Nashik, India"
nlkks,"RT @kapil_vinayak_: @MadhavSheth1 VOOC 3.0 with 5000 mAh battery  #Realme5Series 
#realme5Pro #Contest #UltimateQuadSpeedster @realmemobileâ€¦",2019-11-15 12:32:10,0,3,à¸à¸´à¸ˆà¸´à¸•à¸£
nlkks,"RT @TrakinTech: The quad cams of Realme 5 Pro seem to have out performed, these shots have certainly impressed us!! Which one did you likeâ€¦",2019-11-15 12:31:56,0,33,à¸à¸´à¸ˆà¸´à¸•à¸£
nlkks,RT @Beautylikeme555: à¹„à¸›à¸—à¸³à¸‡à¸²à¸™à¹à¸„à¹ˆà¸­à¸²à¸—à¸´à¸•à¸¢à¹Œà¹€à¸”à¸µà¸¢à¸§à¸à¸¥à¸±à¸šà¸¡à¸²à¸­à¸µà¸à¸—à¸µ à¸”à¸²à¸§à¸´à¸à¸²à¸¡à¸µà¸—à¸±à¹‰à¸‡à¸‡à¸²à¸™à¹à¸–à¸¥à¸‡à¸‚à¹ˆà¸²à¸§à¸¥à¸°à¸„à¸£ #à¸£à¸±à¸à¸‰à¸¸à¸”à¹ƒà¸ˆà¸™à¸²à¸¢à¸‰à¸¸à¸à¹€à¸‰à¸´à¸™ à¸¡à¸µà¹€à¸ªà¸·à¹‰à¸­à¸œà¹‰à¸²à¹à¸šà¸£à¸™à¸”à¹Œà¸•à¸±à¸§à¹€à¸­à¸‡ davi.bydavikaâ€¦,2019-11-15 12:30:58,0,6,à¸à¸´à¸ˆà¸´à¸•à¸£
nlkks,"RT @ZubZibDaRa: à¹ƒà¸«à¸¡à¹ˆ à¸”à¸²à¸§à¸´à¸à¸² à¸£à¹ˆà¸§à¸¡à¹€à¸›à¸´à¸”à¸•à¸±à¸§à¸ªà¸¡à¸²à¸£à¹Œà¸—à¹‚à¸Ÿà¸™ ""realme 5"" à¹à¸¥à¸° ""realme 5 Pro"" à¹€à¸£à¸·à¸­à¸˜à¸‡à¸‚à¸­à¸‡à¸„à¸™à¸£à¸¸à¹ˆà¸™à¹ƒà¸«à¸¡à¹ˆ
à¸„à¸¥à¸´à¸›à¸ˆà¸±à¸”à¹€à¸•à¹‡à¸¡ (Full Clip) https://t.co/zTbâ€¦",2019-11-15 12:30:06,0,3,à¸à¸´à¸ˆà¸´à¸•à¸£
nlkks,RT @Alisaayusra: Night shot by #realme5Pro without any editing https://t.co/sX2B7UuJ5R,2019-11-15 12:28:45,0,17,à¸à¸´à¸ˆà¸´à¸•à¸£
nlkks,RT @realmemobiles: This festive season calls for your favourite sweets! Capture the real essence of festive delicacies with the 48MP AI Quaâ€¦,2019-11-15 12:28:27,0,33,à¸à¸´à¸ˆà¸´à¸•à¸£
nlkks,RT @realmemobiles: Capture the real magic of lights &amp; colours with 48MP AI Quad Camera on #realme5Pro! Get great offers during #realmeFestiâ€¦,2019-11-15 12:28:17,0,46,à¸à¸´à¸ˆà¸´à¸•à¸£
AdithMalhotra,@FrancisRealme Desperately waiting to have Selfie Nightscape on #Realme5Pro ğŸ¤©,2019-11-15 11:58:10,0,0,
GujaratRealme,"#realme5pro 
#Specification https://t.co/hese4oackY",2019-11-15 10:07:58,1,0,
NameisMegharaj,"Hey Realme,
 I use the Realme 5 Pro but use the battery drain issue
 Battery drain problem is charged 100% at nightâ€¦ https://t.co/jnJ8xVmQfM",2019-11-15 05:58:13,0,0,India
HelloArpan,"@MadhavSheth1 Great update, waiting for #Realme5pro",2019-11-15 05:18:49,0,0,India
Dinesh_the_star,"RT @realmemobiles: Your gateway to a Pro life is here with #realme5Pro and #realme3Pro. With the best features in their segment, these smarâ€¦",2019-11-15 05:12:38,0,50,"Gurgaon, India"
Kaleem786Baloch,"@MadhavSheth1 #realme5pro Ultra Wide Angle 
Awesome â¤ï¸ https://t.co/cxXtvoFqwQ",2019-11-15 04:45:28,6,0,Pakistan
Kaleem786Baloch,@MadhavSheth1 #Realme5Pro Wide Angle . https://t.co/6z8yRDPn4N,2019-11-15 04:43:56,12,0,Pakistan
udinoyE,"Jumat barokah #realme5pro ram 4/128 biru...
.
.
Harganya gk pake anu, dm atw wa kuy
.
.
Terima kasih utk para pelanâ€¦ https://t.co/s3uUzze2Lv",2019-11-15 04:30:14,0,0,kediri
thebestinph,"RT @GetNashTee: 2019 BEST Smartphones in the Philippines PHP10,001-15,000 (Q1-Q3 2019) - Watch Here: https://t.co/8M27rYbCjd #smartphone #mâ€¦",2019-11-15 04:13:42,0,1,
GetNashTee,"2019 BEST Smartphones in the Philippines PHP10,001-15,000 (Q1-Q3 2019) - Watch Here: https://t.co/8M27rYbCjdâ€¦ https://t.co/6aPhlaRb4c",2019-11-15 04:00:33,0,1,Republic of the Philippines
NithishSileveru,"RT @GoswamiTechie: [GTeCH iz BaCk ]  GOOR Se Dekhiye Realme Ka Nanga Sach ğŸ˜

Realme Situation

#realme3pro  &gt; #realme5s &gt; #realme5 &gt; #realmâ€¦",2019-11-15 01:56:09,0,1,"Hyderabad, India"
JeanLouisDROUET,"RT @KultureChroniK: ğŸ‘‰Test REALME 5 PRO (par Ã©crit, en image et en vidÃ©o): un des champions du rapport Ã©quipement / prix
ğŸ”¥ + lien promo Ã  17â€¦",2019-11-14 22:49:54,0,1,Dans le cloud et au Dojo 
realmeAustralia,"No time? No worries!
The #realme5Pro offers Flash Charge to reach full battery 5x faster than standard charging. â€‹â€¦ https://t.co/8eBSEJ96bz",2019-11-14 22:01:09,2,0,Australia
0223blh,"RT @cosasdeandrod: Nuevo unboxing , hoy toca el #realme5pro de @realmeespana 
ğŸ‘‡ğŸ‘‡ğŸ‘‡ğŸ‘‡ğŸ‘‡ğŸ‘‡ğŸ‘‡ğŸ‘‡ğŸ‘‡ğŸ‘‡ğŸ‘‡ğŸ‘‡
https://t.co/p3Hx94b7p8 https://t.co/GxtwuKvqUj",2019-11-14 18:56:41,0,3,"Zaragoza, EspaÃ±a"
KultureChroniK,"ğŸ‘‰Test REALME 5 PRO (par Ã©crit, en image et en vidÃ©o): un des champions du rapport Ã©quipement / prix
ğŸ”¥ + lien promoâ€¦ https://t.co/FVM0lDX0RN",2019-11-14 18:30:34,1,1,France
kibotekonline,"Redoble de tamboresğŸ¥ para presentarles el Realme X2 Pro.ğŸ“±
La primera tienda fÃ­sica en @Bizkaia en disponer de todaâ€¦ https://t.co/L45hAnh7r0",2019-11-14 16:36:39,1,0,"Alameda Urquijo 35, Bilbao"
ChaitanyaVamsi2,"Which one is better 
#Choices #better #redmi #realme5pro",2019-11-14 13:37:43,0,0,"Vijayawada, India"
ijaveeth,@91mobiles #Realme5Pro is the best alternative to this #VivoS5,2019-11-14 13:28:35,0,0,
DIPUPANDIT17,"@MadhavSheth1 Sir realme X2Pro 64MP Quad Camera , 13 MP Telephoto lens 20x zoom and #realme phones super Camera Quaâ€¦ https://t.co/WRhoJogFJr",2019-11-14 10:37:48,0,0,
sureshmylapore,"RT @tech2eets: If you missed the Diwali sales, here's another chance. @Flipkart is holding the #flipkartmobilebonanza sale that will go onâ€¦",2019-11-14 10:29:30,0,2,"Chennai, India"
firstpost,"RT @tech2eets: If you missed the Diwali sales, here's another chance. @Flipkart is holding the #flipkartmobilebonanza sale that will go onâ€¦",2019-11-14 10:27:53,0,2,"Mumbai, India"
tech2eets,"If you missed the Diwali sales, here's another chance. @Flipkart is holding the #flipkartmobilebonanza sale that wiâ€¦ https://t.co/10kqzSbgb9",2019-11-14 10:27:48,5,2,"Mumbai, India"
goaswami_tech,"[GTeCH iz BaCk ]  GOOR Se Dekhiye Realme Ka Nanga Sach ğŸ˜

Realme Situation

#realme3pro  &gt; #realme5s &gt; #realme5 &gt;â€¦ https://t.co/X5E12GDRjS",2019-11-14 10:20:29,20,1,Mumbai
kamluscious,RT @realmemobiles: This festive season calls for your favourite sweets! Capture the real essence of festive delicacies with the 48MP AI Quaâ€¦,2019-11-14 09:40:26,0,33,India
kamluscious,RT @realmemobiles: The #RealDiwaliHappiness of this festive season is just getting started! We are happy to share that more than 2 Millionâ€¦,2019-11-14 09:39:10,0,40,India
kamluscious,"RT @MadhavSheth1: Experience the best of shopping season with Diwali offers on #realmeStore!
- â‚¹8,999 for #realme3Pro
- â‚¹13,950 for #realmeâ€¦",2019-11-14 09:37:43,0,89,India
kamluscious,"RT @realmemobiles: Photographs that capture memories, quality that captures them perfectly! Find the best camera smartphones in their segmeâ€¦",2019-11-14 09:36:57,0,60,India
reviewer_my,"Realme receives Dark Mode, wide-angle video recording and the October 2019 security patch. 

@realmemobilesâ€¦ https://t.co/GO4bCeRjIC",2019-11-14 07:36:24,0,0,"Noida, India"
MashableIndia,"The #realme5s is expected to fill the space between the #realme5 and the #realme5pro.
https://t.co/5drrPYwK1b",2019-11-14 07:30:21,0,0,
SuchitaKedia,#realme5pro @realmemobiles https://t.co/HXNRFm6vlC,2019-11-14 04:44:04,1,0,
Saadoon_hammad,"Why Realme Pro 5 with quad camera is super cheap? 
#realme5pro",2019-11-14 01:22:17,0,0,Islamabad
mohanathan3,"#realme5pro #realme5 #leaptoquadcamera

Realme 5 Pro Camera Review - GCam Samples and APK 

https://t.co/o4qLsNZJHb 

@revatlas  #revatlas",2019-11-14 01:17:00,1,0,"Chennai, India"
ofertaschollos,"âš ï¸âš ï¸ CHOLLO #eBay âš ï¸âš ï¸

ğŸ‡ªğŸ‡¸ğŸ‡ªğŸ‡¸ EnvÃ­o desde EspaÃ±a ğŸ‡ªğŸ‡¸ğŸ‡ªğŸ‡¸
ğŸŒ€ Tienda Oficial ğŸŒ€

Realme 5 Pro
ğŸ”¹ 4GB/128GB
ğŸ”¹ VersiÃ³n europeaâ€¦ https://t.co/vsqmOzhP65",2019-11-13 21:52:22,0,0,
BilalThaniOruva,RT @realmemobiles: Explore the magical language of photography with the 48MP AI Quad Camera on #realme5Pro. This is the #realmeForTheRealYoâ€¦,2019-11-13 18:33:43,0,39,"Salem, India"
BilalThaniOruva,"RT @realmemobiles: Your gateway to a Pro life is here with #realme5Pro and #realme3Pro. With the best features in their segment, these smarâ€¦",2019-11-13 18:33:30,0,50,"Salem, India"
priyam_aayush,@MadhavSheth1 @realmecareIN Please give an update to enable the navigation bar in the swipe from both side gesturesâ€¦ https://t.co/LBlKsl1MxH,2019-11-13 14:47:26,1,0,ÉªÉ´á´…Éªá´€
ijaveeth,@Moulish32644824 @TamilTechOffici @realmemobiles But #RedmiNote8 target pannuna then VOOC charging support aavadhuâ€¦ https://t.co/8VUFEgu48m,2019-11-13 14:30:50,0,0,
AKAlive_,"Sometimes, darkness makes me happy like cloudy weather.ğŸ¤« #nature #realme5pro @nobodyğŸ˜‚ https://t.co/RwGPzih0F4",2019-11-13 14:17:33,1,0,Pakistan 
reviewer_my,"Find out how Realme 5s and X2 Pro foster immersive and enjoyable experiences 

@realmemobilesâ€‹  #realme5sâ€¦ https://t.co/cRLgS1p1WQ",2019-11-13 11:15:16,0,0,"Noida, India"
Shreyas_173,"@realmemobiles Yesss finally ğŸ˜Œ
Mixed phone of #realme5Pro and #realme5 ğŸ˜ğŸ˜
â€¢5000mah (realme 5)
â€¢VOOC 2.0 (20W)
â€¢Quadâ€¦ https://t.co/fE3jArBcSR",2019-11-13 10:44:48,0,0,"Palghar, India"
Mrtechauditor,"Here's the teaser for #Realme5s it will be similar to #Realme5Pro in design,  and will come with 48MP Quad Camerasâ€¦ https://t.co/exFFIa9X7M",2019-11-13 09:55:37,0,0,"Gurgaon, India"
Vonsron,"RT @SaifulChin: Airport yang tiada orang. Dimana kalian bila aku butuhkan kalian?

#realme5pro 
#vscocam https://t.co/yVzXmnuXgR",2019-11-13 09:09:21,0,13,
technogill26,Yesterday my @realmemobiles #Realme5pro fell from 10 ft height into a water pool of 5 inches while taking a pictureâ€¦ https://t.co/V5P8rii7c7,2019-11-13 06:56:59,0,0,India
BusinessApac,"@realmemobiles Heating-up the Smartphone Market to capture the budget phone segment.

Read moreâ€¦ https://t.co/SRxtCLApfx",2019-11-13 06:31:51,1,0,
thebestinph,"RT @GetNashTee: 2019 BEST Smartphones in the Philippines PHP10,001-15,000 (Q1-Q3 2019) - Watch Here: https://t.co/8M27rYbCjd #smartphone #mâ€¦",2019-11-13 04:13:38,0,2,
saktosimplelang,"RT @GetNashTee: 2019 BEST Smartphones in the Philippines PHP10,001-15,000 (Q1-Q3 2019) - Watch Here: https://t.co/8M27rYbCjd #smartphone #mâ€¦",2019-11-13 04:08:08,0,2,
GetNashTee,"2019 BEST Smartphones in the Philippines PHP10,001-15,000 (Q1-Q3 2019) - Watch Here: https://t.co/8M27rYbCjdâ€¦ https://t.co/YtoeCeAeuM",2019-11-13 04:00:33,2,2,Republic of the Philippines
danielazraie_,"RT @SaifulChin: Airport yang tiada orang. Dimana kalian bila aku butuhkan kalian?

#realme5pro 
#vscocam https://t.co/yVzXmnuXgR",2019-11-13 04:00:06,0,13,"Petaling, Selangor"
imalayamohanty,#sunrise shot on #realme5pro @realmecareIN @realmemobiles @MadhavSheth1 https://t.co/FsXhgnTtGl,2019-11-13 00:56:54,2,0,"bhubaneswar,odisha,india"
azzamazhar_,"RT @SaifulChin: Airport yang tiada orang. Dimana kalian bila aku butuhkan kalian?

#realme5pro 
#vscocam https://t.co/yVzXmnuXgR",2019-11-13 00:30:23,0,13,Malaysia
khairulsyarafii,"RT @SaifulChin: Airport yang tiada orang. Dimana kalian bila aku butuhkan kalian?

#realme5pro 
#vscocam https://t.co/yVzXmnuXgR",2019-11-12 23:11:53,0,13,
Mnurzakwann,"RT @SaifulChin: Airport yang tiada orang. Dimana kalian bila aku butuhkan kalian?

#realme5pro 
#vscocam https://t.co/yVzXmnuXgR",2019-11-12 21:40:59,0,13,Malaysia
hakimanton_,"RT @SaifulChin: Airport yang tiada orang. Dimana kalian bila aku butuhkan kalian?

#realme5pro 
#vscocam https://t.co/yVzXmnuXgR",2019-11-12 21:06:46,0,13,
amirulhakimdin_,"RT @SaifulChin: Airport yang tiada orang. Dimana kalian bila aku butuhkan kalian?

#realme5pro 
#vscocam https://t.co/yVzXmnuXgR",2019-11-12 20:04:08,0,13,"Perlis, Malaysia"
mzlkrnain,"RT @SaifulChin: Airport yang tiada orang. Dimana kalian bila aku butuhkan kalian?

#realme5pro 
#vscocam https://t.co/yVzXmnuXgR",2019-11-12 18:52:01,0,13,"Bukit Payung, Terengganu"
Dan_Abdllah,"RT @SaifulChin: Airport yang tiada orang. Dimana kalian bila aku butuhkan kalian?

#realme5pro 
#vscocam https://t.co/yVzXmnuXgR",2019-11-12 18:51:14,0,13,Outer Heaven
khairunnisaadin,"RT @SaifulChin: Airport yang tiada orang. Dimana kalian bila aku butuhkan kalian?

#realme5pro 
#vscocam https://t.co/yVzXmnuXgR",2019-11-12 18:49:16,0,13,East Malaysia
qianxing_,"RT @SaifulChin: Airport yang tiada orang. Dimana kalian bila aku butuhkan kalian?

#realme5pro 
#vscocam https://t.co/yVzXmnuXgR",2019-11-12 18:40:37,0,13,Khay
SaifulChin,"Airport yang tiada orang. Dimana kalian bila aku butuhkan kalian?

#realme5pro 
#vscocam https://t.co/yVzXmnuXgR",2019-11-12 18:35:52,23,13,"Gombak, Selangor"
iamsatish955,"@realmemobiles @MadhavSheth1 @realmecareIN  team, my wife just her lost her brand new #realme5pro (somebody just snâ€¦ https://t.co/jwIW3L70NB",2019-11-12 15:59:42,1,0,
gullyboysourav,"RT @realmemobiles: Your gateway to a Pro life is here with #realme5Pro and #realme3Pro. With the best features in their segment, these smarâ€¦",2019-11-12 15:13:46,0,50,"Kolkata, India"
KrupavaramD,"@MadhavSheth1 Please add Dolby Atmos to #Realme5pro in next update
@realmecareIN",2019-11-12 13:06:55,0,0,
yancesitohang,"RT @mybisnis10: Gosip Realme 6 dengan 5 Kamera dan Snapdragon 712
#realme #realmex #realme5 #realme5pro #realme6 #realme6pro
https://t.co/Iâ€¦",2019-11-12 10:09:27,0,2,Indonesia
mybisnis10,"Gosip Realme 6 dengan 5 Kamera dan Snapdragon 712
#realme #realmex #realme5 #realme5pro #realme6 #realme6pro
https://t.co/IGzGszmEZT",2019-11-12 10:08:51,2,2,
patrickcanete,Killer Cameras for under Php15k | Realme 5 Pro Review https://t.co/0xAQWXIGEo via @YouTube #realme #realme5â€¦ https://t.co/IbZrGbRvi7,2019-11-12 08:56:08,0,0,in the crack folder
mahavir_mobile,"Get the latest phones from Mahavir Mobile.

The Realme 5 pro
Quad camera,speed master
sony 48mp sensor ultra clearâ€¦ https://t.co/NUKCeUIt5b",2019-11-12 07:08:28,0,0,"Surat, India"
PallabiOfficial,RT @realmemobiles: The #RealDiwaliHappiness of this festive season is just getting started! We are happy to share that more than 2 Millionâ€¦,2019-11-12 05:12:36,0,40,India
PallabiOfficial,RT @realmemobiles: This festive season calls for your favourite sweets! Capture the real essence of festive delicacies with the 48MP AI Quaâ€¦,2019-11-12 05:12:13,0,33,India
PallabiOfficial,RT @realmemobiles: Capture the real magic of lights &amp; colours with 48MP AI Quad Camera on #realme5Pro! Get great offers during #realmeFestiâ€¦,2019-11-12 05:12:01,0,46,India
PallabiOfficial,"RT @realmemobiles: The festive month might be ending soon, but that shouldnâ€™t stop you from joining the real 5quad! Get #realme5Pro &amp; #realâ€¦",2019-11-12 05:11:38,0,36,India
PallabiOfficial,"RT @realmemobiles: When being left behind is never an option, you need a #realmeForTheRealYou to stay ahead. With Snapdragon 712 AIE procesâ€¦",2019-11-12 05:10:56,0,43,India
PallabiOfficial,RT @realmemobiles: #realme5Pro is packed with some incredible features that makes it the real #QuadCameraSpeedster. Itâ€™s time to tell us yoâ€¦,2019-11-12 05:10:53,0,78,India
PallabiOfficial,RT @realmemobiles: Explore the magical language of photography with the 48MP AI Quad Camera on #realme5Pro. This is the #realmeForTheRealYoâ€¦,2019-11-12 05:10:06,0,39,India
PallabiOfficial,"RT @realmemobiles: Your gateway to a Pro life is here with #realme5Pro and #realme3Pro. With the best features in their segment, these smarâ€¦",2019-11-12 05:09:59,0,50,India
PallabiOfficial,"RT @MadhavSheth1: We have a new OTA update rolling for #realme5Pro users featuring:
-Latest Android security patch
-Dark Mode
-Video shootâ€¦",2019-11-12 05:08:17,0,101,India
Mettaumasankar,"RT @learning_user: #COLOROSColorOS7 beta program registration for the Realme devices
The program is available for the following devices:
#Râ€¦",2019-11-12 04:26:03,0,1,
sulaimanmohd96,"RT @realmecareIN: Unboxing &amp; taking a quick look at #realme5Pro with 48MP AI Quad Camera, Snapdragon 712 AIE &amp; 4035mAh battery with 20W VOOâ€¦",2019-11-12 04:12:08,0,28,"villuppuram, India"
iswardhana,11.11 eh ketauan cle lagi pas barangnya datang.. nasib nasib.. ğŸ˜… #clemira #realme5pro @ Vila Gunung Lestari. https://t.co/rbs3ihQ9Qc,2019-11-12 03:11:39,0,0,"Nusa Tenggara Timur, Indonesia"
kim_badbadon,"RT @Realme_PH: Watch Mary's first TV debut! 

Check out tech youtuber Mary Bautista at ANC Future Perfect live 7:30pm Sky Cable Channel 27.â€¦",2019-11-12 03:03:22,0,1,"Imus, Calabarzon"
venu_gts,@MadhavSheth1 Team #Faster  #realme5pro,2019-11-12 02:57:58,0,0,"Hyderabad, India"
djcharlygonzale,"RT @cosasdeandrod: Nuevo unboxing , hoy toca el #realme5pro de @realmeespana 
ğŸ‘‡ğŸ‘‡ğŸ‘‡ğŸ‘‡ğŸ‘‡ğŸ‘‡ğŸ‘‡ğŸ‘‡ğŸ‘‡ğŸ‘‡ğŸ‘‡ğŸ‘‡
https://t.co/p3Hx94b7p8 https://t.co/GxtwuKvqUj",2019-11-11 21:42:57,0,3,espaÃ±a
TrukeVictor,"RT @cosasdeandrod: Nuevo unboxing , hoy toca el #realme5pro de @realmeespana 
ğŸ‘‡ğŸ‘‡ğŸ‘‡ğŸ‘‡ğŸ‘‡ğŸ‘‡ğŸ‘‡ğŸ‘‡ğŸ‘‡ğŸ‘‡ğŸ‘‡ğŸ‘‡
https://t.co/p3Hx94b7p8 https://t.co/GxtwuKvqUj",2019-11-11 21:38:56,0,3,"Cartagena, EspaÃ±a"
cosasdeandrod,"Nuevo unboxing , hoy toca el #realme5pro de @realmeespana 
ğŸ‘‡ğŸ‘‡ğŸ‘‡ğŸ‘‡ğŸ‘‡ğŸ‘‡ğŸ‘‡ğŸ‘‡ğŸ‘‡ğŸ‘‡ğŸ‘‡ğŸ‘‡
https://t.co/p3Hx94b7p8 https://t.co/GxtwuKvqUj",2019-11-11 21:23:19,5,3,espaÃ±a
p3ndiMark,"Terangmu akan tergantikan oleh Cahaya
.
.
.
ğŸ“¸ #Realme5pro #5hot4You  #QuadCameraPowerHero #DareToLeapâ€¦ https://t.co/aPrNlWuDXU",2019-11-11 20:23:57,0,0,"Tomohon, Indonesia"
samoberoy6,@MadhavSheth1 Team #Sharper @MadhavSheth1 #realme5pro #realmeX2Pro #realme,2019-11-11 19:02:45,0,0,
RealThe69,"RT @realmemobiles: Your gateway to a Pro life is here with #realme5Pro and #realme3Pro. With the best features in their segment, these smarâ€¦",2019-11-11 18:02:51,0,50,"Bhavnagar, India"
RealThe69,RT @realmemobiles: Explore the magical language of photography with the 48MP AI Quad Camera on #realme5Pro. This is the #realmeForTheRealYoâ€¦,2019-11-11 18:02:45,0,39,"Bhavnagar, India"
BigilYunushVfc,@Geekytamizha_ Please Do An Total Comparison Between #RedmiNote8Pro Vs #RealMe5Pro,2019-11-11 16:43:48,1,0,Udumalpet
Anil_Awesome22,@realmecareIN battery drain is fast in my #realme5pro https://t.co/tMY7271fOL,2019-11-11 15:19:55,1,0,"Karimnagar,Telangana,India"
beingskysharma,"@harrysree24 Good, Bhai. Enjoying #Realme5pro 

Just waiting for new OS update which will be near to stock Androidâ€¦ https://t.co/RitNbK8brE",2019-11-11 15:19:21,0,0,India
Sri_Swamigal,"@PUBG_TAMIZH I suggest #Realme5pro 

 Proud user",2019-11-11 14:38:28,0,0,à®•à¯Šà®™à¯à®•à¯ à®®à®¾à®¨à®•à®°à¯...... 
imalayamohanty,Shot on #realme5pro #photographer @realmemobiles @realmecareIN @MadhavSheth1 https://t.co/1g7IRGVfaJ,2019-11-11 14:04:40,0,0,"bhubaneswar,odisha,india"
kraiglouie,"Thank you for making a great deal phone, @realmemobiles !
#RealMe5Pro ğŸ¤™",2019-11-11 10:33:58,6,0,Philippines
learning_user,"#COLOROSColorOS7 beta program registration for the Realme devices
The program is available for the following deviceâ€¦ https://t.co/UHFC5UtVM7",2019-11-11 04:59:04,1,1,
thebestinph,"RT @GetNashTee: 2019 BEST Smartphones in the Philippines PHP10,001-15,000 (Q1-Q3 2019) - Watch Here: https://t.co/8M27rYbCjd #smartphone #mâ€¦",2019-11-11 04:13:45,0,1,
GetNashTee,"2019 BEST Smartphones in the Philippines PHP10,001-15,000 (Q1-Q3 2019) - Watch Here: https://t.co/8M27rYbCjdâ€¦ https://t.co/8ZLvcpphW9",2019-11-11 04:00:29,1,1,Republic of the Philippines
BANERJEERANJEET,RT @realmemobiles: Explore the magical language of photography with the 48MP AI Quad Camera on #realme5Pro. This is the #realmeForTheRealYoâ€¦,2019-11-11 03:53:47,0,39,"Gorakhpur, India"
BANERJEERANJEET,"RT @realmemobiles: Your gateway to a Pro life is here with #realme5Pro and #realme3Pro. With the best features in their segment, these smarâ€¦",2019-11-11 03:53:42,0,50,"Gorakhpur, India"
Anil_Awesome22,@realmemobiles #realme5pro battery drain is fast,2019-11-11 03:17:17,0,0,"Karimnagar,Telangana,India"
mohanathan3,"RT @mohanathan3: #realme5pro #realme5 #leaptoquadcamera @realmemobiles

Realme 5 Pro Camera Review - GCam Samples and APK 

https://t.co/o4â€¦",2019-11-11 00:56:50,0,1,"Chennai, India"
mohanathan3,"#realme5pro #realme5 #leaptoquadcamera @realmemobiles

Realme 5 Pro Camera Review - GCam Samples and APKâ€¦ https://t.co/UyS8QhbmQN",2019-11-10 19:41:00,1,1,"Chennai, India"
velani_taqi,"#realme5pro
So impressed with it's betteryğŸ”‹ performance.....
And you can charge your mobile very very fast.....
@realmemobiles
#realme",2019-11-10 17:03:05,8,0,"Gujarat, India"
AUTechnoBot,"RT @BongoBeatRecord: Back Country ğŸ‡«ğŸ‡·ğŸ‡«ğŸ‡·ğŸ‡«ğŸ‡·ğŸ‡«ğŸ‡·
#doucefrance
.
.
.
#savoie #cow #country #realme5pro #shotbyrealme5pro #shotbyrealme realmeeu #fâ€¦",2019-11-10 16:17:33,0,1,"Amsterdam, The Netherlands"
BongoBeatRecord,"Back Country ğŸ‡«ğŸ‡·ğŸ‡«ğŸ‡·ğŸ‡«ğŸ‡·ğŸ‡«ğŸ‡·
#doucefrance
.
.
.
#savoie #cow #country #realme5pro #shotbyrealme5pro #shotbyrealme realmeeuâ€¦ https://t.co/wL6WVkmmW7",2019-11-10 16:06:03,2,1,ChambÃ©ry
MITULPATEL9824,"#shotonrealme  #realme5pro
MODERA SUN TAMPLE @MadhavSheth1 @realmemobiles @realmecareIN https://t.co/s7AimfCLXV",2019-11-10 15:32:18,0,0,
Dinesh70798503,RT @realmemobiles: Choose to become the Pro during this festive season! Get your hands on our Pro Series smartphones - #realme5Pro and #reaâ€¦,2019-11-10 15:23:00,0,42,
JeanLouisDROUET,"RT @KultureChroniK: ğŸ‘‰ Test du Realme 5 Pro : un rapport Ã©quipement / prix  Ã‰NORME ğŸ‘ŒğŸ“±

#Smartphones #Android #Realme #Realme5Pro #OnePlus #Tâ€¦",2019-11-10 14:00:49,0,1,Dans le cloud et au Dojo 
PNalui,"@realmemobiles  #realme5pro 
This is clicked by me just a few minutes ago.... Can u please tell me how it's ? I neeâ€¦ https://t.co/BJTS6Ry1kJ",2019-11-10 13:03:59,0,0,"Kolkata, West Bengal"
ritesh_thakur10,"RT @GadgetsFlix: #realmeX2 Aka #realmeXT730G 6GB+128GB variant gets a price cut in China and now available only for 1499Yuan(â‚¹15,000), hopeâ€¦",2019-11-10 10:50:33,0,3,navi mumbai 
KultureChroniK,"ğŸ‘‰ Test du Realme 5 Pro : un rapport Ã©quipement / prix  Ã‰NORME ğŸ‘ŒğŸ“±

#Smartphones #Android #Realme #Realme5Proâ€¦ https://t.co/kFAZzW9T7L",2019-11-10 10:21:26,1,1,France
kiyop_yagusa,"RT @GearBestCouponZ: #Banggood ã®11æœˆ6æ—¥ã®æœ€æ–°ã‚¯ãƒ¼ãƒãƒ³æƒ…å ±ã§ã™ã€‚
æ³¨ç›®ã¯ #ã‚¹ãƒãƒ›ã®æ–°è£½å“ã€ŒRealme 5 Pro EU Version 4GB 128GBã€ã§ã‚¯ãƒ¼ãƒãƒ³ã‚³ãƒ¼ãƒ‰ã€ŒBGRM5P4ã€ã§ç‰¹ä¾¡22,104å††ï¼
å€¤å¼•æœŸé–“ã¯11/30ã¾ã§ï¼â€¦",2019-11-10 10:17:12,0,2,Republic of morizo
deepaksk20,"Motorola Moto G8 Plus Competitors in terms of Price and Specifications
#motorolaG8plus #RedmiNote8pro #MiA3â€¦ https://t.co/jyhaTQTh4v",2019-11-10 10:00:20,1,0,Nepal
info_refme,"Motorola Moto G8 Plus Competitors in terms of Price and Specifications
#motorolaG8plus #RedmiNote8pro #MiA3â€¦ https://t.co/ZVGtfK2SFl",2019-11-10 10:00:10,0,0,India
Deep_reFMe,"Motorola Moto G8 Plus Competitors in terms of Price and Specifications
#motorolaG8plus #RedmiNote8pro #MiA3â€¦ https://t.co/FbaTF3jfzX",2019-11-10 09:59:57,0,0,"Delhi, INDIA "
sunilpanjiyar7,RT @realmemobiles: Explore the magical language of photography with the 48MP AI Quad Camera on #realme5Pro. This is the #realmeForTheRealYoâ€¦,2019-11-10 08:44:30,0,39,
Karan75278999,"RT @realmemobiles: Your gateway to a Pro life is here with #realme5Pro and #realme3Pro. With the best features in their segment, these smarâ€¦",2019-11-10 07:11:04,0,50,
NewFaLoo,#realme5pro #Thailand https://t.co/8DKRe8fSkR,2019-11-10 00:47:22,0,0,Gundam Meister
nextgenphoneuk,"Realme 5 Pro Review https://t.co/uq8KzafkqR via @NextGenPhoneuk

#Realme #Realme5pro #RealmePhones #Android #Nextgenphone",2019-11-09 20:39:45,2,0,United Kingdom
hazxne,"RT @hazxne: I just bought a new realme 5pro mobile phone, omg camera die padu beb... Seriously worth it ğŸ‘ğŸ˜±ğŸ˜
#realme5pro https://t.co/RG33mqâ€¦",2019-11-09 15:48:52,0,5,"Perak, Malaysia"
