OomYahya,"Burung kakatua
Hinggap di jendel... Wait, di dahan

#oppo #reno2 #bird #cockatoo #zoo https://t.co/NGgOFPuO3Y https://t.co/fhYH05UrKD",2019-11-17 13:06:08,0,0,"Yogyakarta, Indonesia"
199x_ERROR,"Got mine ğŸ¥°ğŸ¥°ğŸ¥°

#Reno2 https://t.co/kCd841Rim3",2019-11-17 11:39:15,0,0,In my bed
nasseralshuwey1,"RT @fmp4mobiles: Ø¬Ø±Ø¨ Ø®Ø§ØµÙŠØ© #ØªÙ‚Ø±ÙŠØ¨_Ø§Ù„Ù‡Ø¬ÙŠÙ†_5x Ù…Ù† #OPPOReno2 ÙˆØ´ÙˆÙ Ø§Ù„ÙØ±Ù‚ Ø¨Ù†ÙØ³Ùƒ
ğŸ”­ğŸ“¸
Ø§Ø·Ù„Ø¨Ø© Ø§Ù„Ø§Ù†: https://t.co/tNJMjmxfiL
.
Try out the #5xhybridzoâ€¦",2019-11-17 11:27:55,0,2,
NaqeebAfridi811,"RT @OPPOPakistan: Get your OPPO #Reno2 today and explore its power packed features including 5x Hybrid Zoom, Ultra Dark Mode, Ultra Steadyâ€¦",2019-11-17 10:08:36,0,53,#Peshawar#PAKISTAN
MFarooqShaikh96,"RT @OPPOPakistan: Get your OPPO #Reno2 today and explore its power packed features including 5x Hybrid Zoom, Ultra Dark Mode, Ultra Steadyâ€¦",2019-11-17 09:47:00,0,53,Worldwide
TechnoSeniorPL,"RT @TECHNOSenior1: W nasze rÄ™ce wpadÅ‚ wÅ‚aÅ›nie #OPPO #Reno2. Jak #telefon wypada w rzeczywistoÅ›ci? Zapraszam do recenzji.
#test
@oppomobilepâ€¦",2019-11-17 09:00:35,0,2,
dkisiala,"RT @TECHNOSenior1: W nasze rÄ™ce wpadÅ‚ wÅ‚aÅ›nie #OPPO #Reno2. Jak #telefon wypada w rzeczywistoÅ›ci? Zapraszam do recenzji.
#test
@oppomobilepâ€¦",2019-11-17 09:00:18,0,2,"Warszawa, Polska"
TECHNOSenior1,"W nasze rÄ™ce wpadÅ‚ wÅ‚aÅ›nie #OPPO #Reno2. Jak #telefon wypada w rzeczywistoÅ›ci? Zapraszam do recenzji.
#testâ€¦ https://t.co/iP4isdzqzM",2019-11-17 08:55:31,3,2,"ÅšlÄ…skie, Polska"
AbWaheedMemon,"RT @OPPOPakistan: Get your OPPO #Reno2 today and explore its power packed features including 5x Hybrid Zoom, Ultra Dark Mode, Ultra Steadyâ€¦",2019-11-17 07:10:23,0,53,"Sindh, Pakistan"
fmp4mobiles,"Ø¬Ø±Ø¨ Ø®Ø§ØµÙŠØ© #ØªÙ‚Ø±ÙŠØ¨_Ø§Ù„Ù‡Ø¬ÙŠÙ†_5x Ù…Ù† #OPPOReno2 ÙˆØ´ÙˆÙ Ø§Ù„ÙØ±Ù‚ Ø¨Ù†ÙØ³Ùƒ
ğŸ”­ğŸ“¸
Ø§Ø·Ù„Ø¨Ø© Ø§Ù„Ø§Ù†: https://t.co/tNJMjmxfiL
.
Try out theâ€¦ https://t.co/jUeNaJMDQl",2019-11-17 06:20:35,3,2,Saudi Arabia
MalikShakir789,"RT @OPPOPakistan: Get your OPPO #Reno2 today and explore its power packed features including 5x Hybrid Zoom, Ultra Dark Mode, Ultra Steadyâ€¦",2019-11-17 03:33:42,0,53,
Aryo_MA,"Selamat berakhir pekan !! Difoto menggunakan kamera Reno2 ğŸ˜
.
#OPPO #OPPOIndonesia  #OPPOReno2 #Reno2â€¦ https://t.co/7oUomSGar7",2019-11-17 03:15:36,0,0,"Jakarta Timur, DKI Jakarta"
Rekenber,And here's a rainy night. Shot with #Oppo #Reno2 https://t.co/gYIYGflkp4,2019-11-17 03:03:54,0,0,Philippines
noman48549584,"RT @OPPOPakistan: Get your OPPO #Reno2 today and explore its power packed features including 5x Hybrid Zoom, Ultra Dark Mode, Ultra Steadyâ€¦",2019-11-17 02:27:54,0,53,
Parvez_Masoom,"RT @OPPOPakistan: Get your OPPO #Reno2 today and explore its power packed features including 5x Hybrid Zoom, Ultra Dark Mode, Ultra Steadyâ€¦",2019-11-16 21:05:39,0,53, Pakistan
OPPOMobileUK,"âœ… Iconic 'shark fin' camera
âœ… Otherworldly design
âœ… Stunning colour trickery
@StuffTV has a lot of great things toâ€¦ https://t.co/PWco9nVHYS",2019-11-16 20:00:00,10,4,United Kingdom
AlCHEMY_SM,"RT @OPPOPakistan: Get your OPPO #Reno2 today and explore its power packed features including 5x Hybrid Zoom, Ultra Dark Mode, Ultra Steadyâ€¦",2019-11-16 17:06:54,0,53,
mmaazhaider448,"RT @OPPOPakistan: Get your OPPO #Reno2 today and explore its power packed features including 5x Hybrid Zoom, Ultra Dark Mode, Ultra Steadyâ€¦",2019-11-16 13:27:12,0,53,MARDAN KPK
Adnansami7575,"RT @OPPOPakistan: Get your OPPO #Reno2 today and explore its power packed features including 5x Hybrid Zoom, Ultra Dark Mode, Ultra Steadyâ€¦",2019-11-16 12:34:03,0,53,"Punjab, Pakistan"
WaqasGu67141238,"RT @OPPOPakistan: Get your OPPO #Reno2 today and explore its power packed features including 5x Hybrid Zoom, Ultra Dark Mode, Ultra Steadyâ€¦",2019-11-16 12:02:10,0,53,"Rawalpindi, Pakistan"
Azizahm43459663,"RT @OPPOPakistan: Get your OPPO #Reno2 today and explore its power packed features including 5x Hybrid Zoom, Ultra Dark Mode, Ultra Steadyâ€¦",2019-11-16 10:02:18,0,53,"Rohri, Pakistan"
alihamz73953444,"RT @OPPOPakistan: Get your OPPO #Reno2 today and explore its power packed features including 5x Hybrid Zoom, Ultra Dark Mode, Ultra Steadyâ€¦",2019-11-16 08:24:47,0,53,
AmnaHaq15950366,"RT @OPPOPakistan: Get your OPPO #Reno2 today and explore its power packed features including 5x Hybrid Zoom, Ultra Dark Mode, Ultra Steadyâ€¦",2019-11-16 08:24:11,0,53,
FATEHAAKMALKHA1,RT @OPPOPakistan: Dive into creativity and experience imagination with the #Reno2 &amp; #Reno2F and get closer to the world with 5x Hybrid Zoomâ€¦,2019-11-16 06:48:02,0,64,"Ù„Ø§ÛÙˆØ±, Ù¾Ø§Ú©Ø³ØªØ§Ù† "
alimuha29379592,"RT @OPPOPakistan: Get your OPPO #Reno2 today and explore its power packed features including 5x Hybrid Zoom, Ultra Dark Mode, Ultra Steadyâ€¦",2019-11-16 05:48:15,0,53,
ShanetheGamer,"Hot off the heels of the #Reno2 Z comes the #OPPO #A92020. Shane reviews.

#TechReview #Smartphone #STGâ€¦ https://t.co/T10v0yOO3y",2019-11-16 05:46:51,0,0,Global
6300626Ejaz,"RT @OPPOPakistan: Get your OPPO #Reno2 today and explore its power packed features including 5x Hybrid Zoom, Ultra Dark Mode, Ultra Steadyâ€¦",2019-11-16 02:43:19,0,53,"Punjab, Pakistan"
Zhbabar05,"RT @OPPOPakistan: Get your OPPO #Reno2 today and explore its power packed features including 5x Hybrid Zoom, Ultra Dark Mode, Ultra Steadyâ€¦",2019-11-15 23:09:08,0,53,Pakistan
NijaBuzzMedia,"#OPPO #Mobile, #Toke #Makinwa #Partner to #Launch #Reno2 #Series #Smartphones in #Nigeria) https://t.co/DqdCe4Mab5",2019-11-15 20:54:17,0,0,Nigeria
iamusamashah,"RT @OPPOPakistan: Get your OPPO #Reno2 today and explore its power packed features including 5x Hybrid Zoom, Ultra Dark Mode, Ultra Steadyâ€¦",2019-11-15 20:07:02,0,53,Pakistan
BatteriesCell,"RT @OPPOPakistan: Get your OPPO #Reno2 today and explore its power packed features including 5x Hybrid Zoom, Ultra Dark Mode, Ultra Steadyâ€¦",2019-11-15 18:29:21,0,53,"Santa Rosa, CA"
drnaziafayaz,"RT @OPPOPakistan: Get your OPPO #Reno2 today and explore its power packed features including 5x Hybrid Zoom, Ultra Dark Mode, Ultra Steadyâ€¦",2019-11-15 17:49:34,0,53,"Multan, Pakistan"
SunilHanif3,"RT @OPPOPakistan: Get your OPPO #Reno2 today and explore its power packed features including 5x Hybrid Zoom, Ultra Dark Mode, Ultra Steadyâ€¦",2019-11-15 17:21:33,0,53,"Sialkot, Pakistan"
DEEPSINH15,@oppomobileindia Love you OPPO for making such a wonderful phone #Reno2,2019-11-15 16:27:17,0,0,
AliRixwan,"RT @OPPOPakistan: Get your OPPO #Reno2 today and explore its power packed features including 5x Hybrid Zoom, Ultra Dark Mode, Ultra Steadyâ€¦",2019-11-15 16:05:17,0,53,"Balochistan, Pakistan"
NijaBuzzMedia,#OPPO #Mobile #Partners with #Toke #Makinwa to #Showcase the #Unique #Style &amp;#Amp; #Design of the New #Reno2â€¦ https://t.co/Njf8WZsf5x,2019-11-15 15:54:22,0,0,Nigeria
r34rgtr,"RT @RomainLP_: HELLO ! Merci Ã©normÃ©ment pour vos retours concernant la vidÃ©o du #OppoReno2, Ã§a fait vraiment super plaisir ! ğŸ˜

Rendez-vousâ€¦",2019-11-15 14:23:46,0,3,"Amiens, France"
CEONazimAli,"RT @OPPOPakistan: Get your OPPO #Reno2 today and explore its power packed features including 5x Hybrid Zoom, Ultra Dark Mode, Ultra Steadyâ€¦",2019-11-15 14:01:24,0,53,Pakistan | United States
usmanshoukat198,"RT @OPPOPakistan: Get your OPPO #Reno2 today and explore its power packed features including 5x Hybrid Zoom, Ultra Dark Mode, Ultra Steadyâ€¦",2019-11-15 13:31:16,0,53,
NexusLithium,"RT @RomainLP_: HELLO ! Merci Ã©normÃ©ment pour vos retours concernant la vidÃ©o du #OppoReno2, Ã§a fait vraiment super plaisir ! ğŸ˜

Rendez-vousâ€¦",2019-11-15 13:27:16,0,3,"Nancy, France"
geogra_ph,"RT @RomainLP_: HELLO ! Merci Ã©normÃ©ment pour vos retours concernant la vidÃ©o du #OppoReno2, Ã§a fait vraiment super plaisir ! ğŸ˜

Rendez-vousâ€¦",2019-11-15 13:14:15,0,3,"Montpellier, France"
RomainLP_,"HELLO ! Merci Ã©normÃ©ment pour vos retours concernant la vidÃ©o du #OppoReno2, Ã§a fait vraiment super plaisir ! ğŸ˜

Reâ€¦ https://t.co/B4aNFaO4RK",2019-11-15 12:52:56,5,3,"DrÃ´me, RhÃ´ne-Alpes"
officialroxen,"RT @OPPOPakistan: Get your OPPO #Reno2 today and explore its power packed features including 5x Hybrid Zoom, Ultra Dark Mode, Ultra Steadyâ€¦",2019-11-15 12:14:56,0,53,Gym
SH_MaliCk005,"RT @OPPOPakistan: Get your OPPO #Reno2 today and explore its power packed features including 5x Hybrid Zoom, Ultra Dark Mode, Ultra Steadyâ€¦",2019-11-15 11:16:00,0,53,RahimYarkhan
AmmarbinatiQ1,"RT @OPPOPakistan: Get your OPPO #Reno2 today and explore its power packed features including 5x Hybrid Zoom, Ultra Dark Mode, Ultra Steadyâ€¦",2019-11-15 11:04:31,0,53,Ù¾Ø±Ø§Ù†Û’Ù¾Ø§Ú©Ø³ØªØ§Ù† Ø³Û’
NomanAh08104037,"RT @OPPOPakistan: Get your OPPO #Reno2 today and explore its power packed features including 5x Hybrid Zoom, Ultra Dark Mode, Ultra Steadyâ€¦",2019-11-15 11:00:02,0,53,"Karachi, Pakistan"
AzamKhanPTI6,"RT @OPPOPakistan: Get your OPPO #Reno2 today and explore its power packed features including 5x Hybrid Zoom, Ultra Dark Mode, Ultra Steadyâ€¦",2019-11-15 10:12:54,0,53,"Punjab, Pakistan"
20min_digital,"Â«Wie bitte, dieses Ding kostet nur 500 Stutz?Â» #Oppo #Reno2 https://t.co/xiUiEpfKIy https://t.co/jF4VvhT16X",2019-11-15 07:11:03,0,0,"Zurich, Switzerland"
Muqaddas78600,"RT @OPPOPakistan: Get your OPPO #Reno2 today and explore its power packed features including 5x Hybrid Zoom, Ultra Dark Mode, Ultra Steadyâ€¦",2019-11-15 06:07:46,0,53,Pakistan Garhi H-A
ImranDev3,"RT @OPPOPakistan: Get your OPPO #Reno2 today and explore its power packed features including 5x Hybrid Zoom, Ultra Dark Mode, Ultra Steadyâ€¦",2019-11-15 06:05:37,0,53,Pakistan
Technologykedun,"RT @OPPOPakistan: Get your OPPO #Reno2 today and explore its power packed features including 5x Hybrid Zoom, Ultra Dark Mode, Ultra Steadyâ€¦",2019-11-15 05:39:26,0,53,Pakistan
alihassan_458,"RT @OPPOPakistan: Get your OPPO #Reno2 today and explore its power packed features including 5x Hybrid Zoom, Ultra Dark Mode, Ultra Steadyâ€¦",2019-11-15 03:14:00,0,53,
sabirbilal6,"RT @OPPOPakistan: Get your OPPO #Reno2 today and explore its power packed features including 5x Hybrid Zoom, Ultra Dark Mode, Ultra Steadyâ€¦",2019-11-14 17:06:06,0,53,Islamabad. Mardan
haitham8444,"RT @RaqamiTV: Ø£Ø³Ø¹Ø§Ø± Ø§Ù„Ù‡Ø§ØªÙÙŠÙ† Ø§ÙˆØ¨Ùˆ Ø±ÙŠÙ†Ùˆ 2 ÙˆØ±ÙŠÙ†Ùˆ 2F 
Ø±ÙŠÙ†Ùˆ 2 Ø¨Ø³Ø¹Ø± 9590 Ø¬Ù†ÙŠÙ‡ Ù…ØµØ±ÙŠ Ø£Ùˆ 595$
Ø±ÙŠÙ†Ùˆ 2 Ø§Ù Ø¨Ø³Ø¹Ø± 5990 Ø¬Ù†ÙŠÙ‡ Ù…ØµØ±ÙŠ Ø£Ùˆ 370$

#OppoReno2 #Opâ€¦",2019-11-14 16:55:54,0,2,"Ø§Ù„ØºØ±Ø¨ÙŠØ©, Ù…ØµØ±"
AonSyed472,"RT @OPPOPakistan: Get your OPPO #Reno2 today and explore its power packed features including 5x Hybrid Zoom, Ultra Dark Mode, Ultra Steadyâ€¦",2019-11-14 15:51:47,0,53,Catch me if u can ....
AzmatWatto,"RT @OPPOPakistan: Get your OPPO #Reno2 today and explore its power packed features including 5x Hybrid Zoom, Ultra Dark Mode, Ultra Steadyâ€¦",2019-11-14 15:39:30,0,53,"Bahawalnagar, Pakistan"
Atif03007570901,"RT @OPPOPakistan: Get your OPPO #Reno2 today and explore its power packed features including 5x Hybrid Zoom, Ultra Dark Mode, Ultra Steadyâ€¦",2019-11-14 15:20:29,0,53,
Muhamma54544481,"RT @OPPOPakistan: Get your OPPO #Reno2 today and explore its power packed features including 5x Hybrid Zoom, Ultra Dark Mode, Ultra Steadyâ€¦",2019-11-14 13:38:03,0,53,"Punjab, Pakistan"
NaqeebAfridi811,"RT @OPPOPakistan: Get your OPPO #Reno2 today and explore its power packed features including 5x Hybrid Zoom, Ultra Dark Mode, Ultra Steadyâ€¦",2019-11-14 13:26:51,0,53,#Peshawar#PAKISTAN
dragon_soull,"RT @RaqamiTV: Ø£Ø³Ø¹Ø§Ø± Ø§Ù„Ù‡Ø§ØªÙÙŠÙ† Ø§ÙˆØ¨Ùˆ Ø±ÙŠÙ†Ùˆ 2 ÙˆØ±ÙŠÙ†Ùˆ 2F 
Ø±ÙŠÙ†Ùˆ 2 Ø¨Ø³Ø¹Ø± 9590 Ø¬Ù†ÙŠÙ‡ Ù…ØµØ±ÙŠ Ø£Ùˆ 595$
Ø±ÙŠÙ†Ùˆ 2 Ø§Ù Ø¨Ø³Ø¹Ø± 5990 Ø¬Ù†ÙŠÙ‡ Ù…ØµØ±ÙŠ Ø£Ùˆ 370$

#OppoReno2 #Opâ€¦",2019-11-14 12:46:05,0,2,
GeologistMJ,"RT @OPPOPakistan: Get your OPPO #Reno2 today and explore its power packed features including 5x Hybrid Zoom, Ultra Dark Mode, Ultra Steadyâ€¦",2019-11-14 12:01:02,0,53,"Islamabad, Pakistan"
khan_r1234,"RT @OPPOPakistan: Get your OPPO #Reno2 today and explore its power packed features including 5x Hybrid Zoom, Ultra Dark Mode, Ultra Steadyâ€¦",2019-11-14 11:23:03,0,53,"Lahore, Pakistan"
RaqamiTV,"Ø£Ø³Ø¹Ø§Ø± Ø§Ù„Ù‡Ø§ØªÙÙŠÙ† Ø§ÙˆØ¨Ùˆ Ø±ÙŠÙ†Ùˆ 2 ÙˆØ±ÙŠÙ†Ùˆ 2F 
Ø±ÙŠÙ†Ùˆ 2 Ø¨Ø³Ø¹Ø± 9590 Ø¬Ù†ÙŠÙ‡ Ù…ØµØ±ÙŠ Ø£Ùˆ 595$
Ø±ÙŠÙ†Ùˆ 2 Ø§Ù Ø¨Ø³Ø¹Ø± 5990 Ø¬Ù†ÙŠÙ‡ Ù…ØµØ±ÙŠ Ø£Ùˆ 370$â€¦ https://t.co/Q6gJ7RxngV",2019-11-14 10:59:43,24,2,Worldwide
Hammad3Official,"RT @OPPOPakistan: Get your OPPO #Reno2 today and explore its power packed features including 5x Hybrid Zoom, Ultra Dark Mode, Ultra Steadyâ€¦",2019-11-14 10:58:41,0,53,"Lahore, Pakistan"
siasidanishwar,"RT @OPPOPakistan: Get your OPPO #Reno2 today and explore its power packed features including 5x Hybrid Zoom, Ultra Dark Mode, Ultra Steadyâ€¦",2019-11-14 09:08:15,0,53,"Punjab, Pakistan"
mahnoor66442795,"RT @OPPOPakistan: Get your OPPO #Reno2 today and explore its power packed features including 5x Hybrid Zoom, Ultra Dark Mode, Ultra Steadyâ€¦",2019-11-14 09:01:39,0,53,
theshumail,"RT @OPPOPakistan: Get your OPPO #Reno2 today and explore its power packed features including 5x Hybrid Zoom, Ultra Dark Mode, Ultra Steadyâ€¦",2019-11-14 07:37:21,0,53,pakistan
Rizwan786abbas,"RT @OPPOPakistan: Get your OPPO #Reno2 today and explore its power packed features including 5x Hybrid Zoom, Ultra Dark Mode, Ultra Steadyâ€¦",2019-11-14 05:55:22,0,53,"Barcelona, Spain"
mian___qasim,"RT @OPPOPakistan: Get your OPPO #Reno2 today and explore its power packed features including 5x Hybrid Zoom, Ultra Dark Mode, Ultra Steadyâ€¦",2019-11-14 05:47:12,0,53,
RanaMuh80927908,"RT @OPPOPakistan: Get your OPPO #Reno2 today and explore its power packed features including 5x Hybrid Zoom, Ultra Dark Mode, Ultra Steadyâ€¦",2019-11-14 04:12:33,0,53,"Punjab, Pakistan"
AjeebInsaan15,"RT @OPPOPakistan: Get your OPPO #Reno2 today and explore its power packed features including 5x Hybrid Zoom, Ultra Dark Mode, Ultra Steadyâ€¦",2019-11-14 03:14:42,0,53,NOW: G-10 ISLAMABAD
ahmadoilmills,"RT @OPPOPakistan: Get your OPPO #Reno2 today and explore its power packed features including 5x Hybrid Zoom, Ultra Dark Mode, Ultra Steadyâ€¦",2019-11-14 02:07:58,0,53,"(ÃÅˆÃ¢Ã½Ã tÃ®,PÃºÅˆjÃ B,PÃƒKÃÅTÃ€Å‡)"
mominaiqbal12,"RT @OPPOPakistan: Get your OPPO #Reno2 today and explore its power packed features including 5x Hybrid Zoom, Ultra Dark Mode, Ultra Steadyâ€¦",2019-11-13 22:23:04,0,53,
Cat_Bot_5000,RT @byJeeeM: The lady of the house came to visit me in minutes after my arrival. #catsoï¬nstagram #poezenbazen #oppo #cats #reno2 https://t.â€¦,2019-11-13 20:47:52,0,1,Fluffland
byJeeeM,The lady of the house came to visit me in minutes after my arrival. #catsoï¬nstagram #poezenbazen #oppo #cats #reno2â€¦ https://t.co/Xg0kLqrKjb,2019-11-13 20:47:34,1,1,Nederland
Mizna_R,"RT @OPPOPakistan: Get your OPPO #Reno2 today and explore its power packed features including 5x Hybrid Zoom, Ultra Dark Mode, Ultra Steadyâ€¦",2019-11-13 19:23:45,0,53,
OPPOPakistan,"Get your OPPO #Reno2 today and explore its power packed features including 5x Hybrid Zoom, Ultra Dark Mode, Ultra Sâ€¦ https://t.co/YxTL1TrOXG",2019-11-13 19:00:00,916,53,
StoryBoxLive,"RT @OPPOPakistan: Dive into creativity with OPPO #Reno2 &amp; #Reno2F and get closer to the world with 5x Hybrid Zoom, Ultra Dark Mode and worrâ€¦",2019-11-13 18:11:13,0,23,"Lahore, Pakistan ğŸ‡µğŸ‡°"
MntrendsTech,"RT @Marvel4Tech: OPPO Reno2 F Price in Nigeria and Specs. 

If you can't afford to get the Reno2, then don't miss getting the Reno2 F #OPPOâ€¦",2019-11-13 12:44:04,0,1,"Lagos, Nigeria"
Marvel4Tech,"OPPO Reno2 F Price in Nigeria and Specs. 

If you can't afford to get the Reno2, then don't miss getting the Reno2â€¦ https://t.co/jCUCH3egWL",2019-11-13 12:39:56,2,1,"Lagos, Nigeria"
drnaziafayaz,"RT @OPPOPakistan: Dive into creativity with OPPO #Reno2 &amp; #Reno2F and get closer to the world with 5x Hybrid Zoom, Ultra Dark Mode and worrâ€¦",2019-11-13 07:02:02,0,23,"Multan, Pakistan"
TobiSleek,@oppomobileng How much is the retail price for #reno2??? And what store can one get it,2019-11-13 04:39:13,0,0,Moon
TobiSleek,@MaziIbe_ Pls did you take these pics using the #reno2 or your personal phones? Would appreciate the reply,2019-11-13 04:36:27,0,0,Moon
NaqeebAfridi811,RT @OPPOPakistan: Dive into creativity and experience imagination with the #Reno2 &amp; #Reno2F and get closer to the world with 5x Hybrid Zoomâ€¦,2019-11-12 18:31:11,0,64,#Peshawar#PAKISTAN
