AleJustOne,"Mr. Ferrero sa come aiutare il prossimo.
Chi ci fa del bene esiste. 
#nutellabiscuits https://t.co/o8uOdWkSUY",2019-11-09 13:16:09,1,0,Roma
__Sinu__,"Adesso il mondo Ã¨ un posto migliore.
#nutellabiscuits #Nutella https://t.co/kyvsWKCV8z",2019-11-09 12:57:10,0,0,
VeronicaAiroldi,Sono perfetti!   #nutellabiscuits https://t.co/lVqmIr89f4,2019-11-09 12:33:09,13,0,
Lucamarte83,"Si chiamano #NutellaBiscuits, ma costano piÃ¹ delle castagne... https://t.co/DBjUTuKv7K",2019-11-09 12:14:53,0,0,Porto Sant'Elpidio
Kfeade,#nutellabiscuits loooooooove!!!! https://t.co/PafsHyuh0c,2019-11-09 11:51:25,0,0,"Milano, Italy"
lomaroso,Coccoliamoci #caffÃ¨ #nutellabiscuits https://t.co/ObVQ1luLxA,2019-11-09 11:24:12,0,0,Erbusco in Franciacorta! 
SimonRedaelliMD,"Finally, Iâ€™ve tried #nutellabiscuits 
Good job @Nutella_Italia ğŸ’ªğŸ‘
âœ… Approved https://t.co/KBPaobPEZz",2019-11-09 11:02:46,2,0,Italia
CatollaNeroBlu,"Eh niente... Non ciÃ² pensato solo io
#NutellaBiscuits #SoldOut #MaiUnaGioia https://t.co/jBfHujxgaF",2019-11-09 09:43:30,0,0,Italia
rrtvln,Buongiorno con una â€œporcataâ€ niente male ! #NutellaBiscuits @Nutella_Italia ğŸ¤© https://t.co/Zac8RwaUe0,2019-11-09 09:30:39,1,0, #Italy #World 
AlessiaMonteleo,"Questo sacchetto contiene inferno e paradiso insieme. 
Ho trovato lâ€™amore della mia vita. 
#nutellabiscuitsâ€¦ https://t.co/mL3Pd2Afa3",2019-11-09 09:29:30,1,0,"Lombardia, Italia"
lidiaottelli,"E nulla... nutella biscuits
.
.
.
#nutellabiscuits #nutella #colazione #buongiorno #goodmorning #good #breakfastâ€¦ https://t.co/8Ljh1aLIXe",2019-11-09 09:26:26,0,0,
andrea_gore15,"Vabeh ma ditelo che la droga era stata legalizzata!!! ğŸ¤¤
#NutellaBiscuits https://t.co/cXeRVm93UO",2019-11-09 08:25:41,0,0,"Rome, Italy"
Angiolangel,"RT @chinoinoino: Guardami guardami, irresistibile, non ci sono piÃ¹!!! ğŸ˜‹ ğŸ˜‹ ğŸ˜‹ ğŸ˜‹ ğŸ˜‹ #nutellabiscuits #nutella #lavitasadibuono  #lavitaÃ¨bella #â€¦",2019-11-09 07:40:32,0,1,
sfanculin,"RT @lucasprezioso: I biscotti alla nutella sono buoni, ma nulla di rilevante, nulla che mi abbia fatto saltare dalla sedia. Sono dei baioccâ€¦",2019-11-08 23:04:24,0,1,
stellaetoile91,RT @FattoAlimentare: Nutella biscuits o Baiocchi? La guerra dei biscotti tra Ferrero e Barilla Ã¨ iniziata. Ma sarebbe meglio parlare di pasâ€¦,2019-11-08 22:23:34,0,4,
xntgo,"Li ho comprati.
#nutellabiscuits https://t.co/W7TtvCkAXY",2019-11-08 21:59:55,0,0,
lucasprezioso,"I biscotti alla nutella sono buoni, ma nulla di rilevante, nulla che mi abbia fatto saltare dalla sedia. Sono dei bâ€¦ https://t.co/F69pTkiHsx",2019-11-08 21:56:53,1,1,Milano
GiannijStinson5,Tweet muto @Nutella_Italia #nutellabiscuits ğŸ˜¤ https://t.co/dp83BMV6nR,2019-11-08 21:44:06,0,0,
krustbar,Che zozzeria (e creano dipendenza). Nicely done @nutella_italia #nutella #nutellabiscuits #gnam #sweet https://t.co/l4XqQvZi42,2019-11-08 20:09:18,1,0,Italy
nikizag7,Che idea geniale...la fine del mondoğŸ‘ğŸ»ğŸ‘ğŸ»ğŸ‘ğŸ»#nutellabiscuits https://t.co/2VTcmqOmMA,2019-11-08 20:07:56,0,0,Venezia - Mestre
Emm4Peel,Sta storia del #NutellaBiscuits vi sta sfuggendo di mano. https://t.co/14RSvkUfEM,2019-11-08 20:07:35,6,0,Polo Nord
Philfought,Ok I will be needing these - #nutella #nutellabiscuits https://t.co/OwrMSqQDRf,2019-11-08 20:01:04,0,0,DC Metro Area
MarikaZizzi,"Girare tutti i supermercati della mia cittÃ  a piedi per trovare i maledetti #nutellabiscuits Ã¨ considerato sport? 
ğŸ˜’",2019-11-08 19:46:54,0,0,"Martina Franca, Puglia"
Luca_F__,"Wow
BoniğŸ˜‹ğŸ˜‹ğŸ˜‹ğŸ˜‹ğŸ˜‹ğŸ˜‰ğŸ˜‰ğŸ˜—
#nutellabiscuits https://t.co/3NAs3Rk67C",2019-11-08 19:33:56,4,0,
kicca0181,Addio linea ( se mai ne avevo una)... #nutellabiscuits https://t.co/yqiUpG3TfT,2019-11-08 19:09:23,6,0,
gavhriel83,Dite pure quello che volete dei #nutellabiscuits ma per me hanno stravinto su tutto. Best #comfortfood ever.,2019-11-08 19:05:35,0,0,
elenacanepa90,"Trovati, assaggiati e approvati a pieni voti... #nutellabiscuits #Nutella
ğŸ·ğŸ·ğŸ· https://t.co/y9Ci2ASC4N",2019-11-08 18:51:44,2,0,"Liguria, Italia"
VScanuforever,E niente ho aperto i #NutellaBiscuits la fine Ã¨ qui ğŸ¤ªğŸ˜,2019-11-08 18:04:22,1,0,
monicafabiola91,"Esto es un pecado ğŸ˜‚
Es riquÃ­simo 

#NutellaBiscuits #Nutella #Ferrero https://t.co/H1086b3pDA",2019-11-08 17:57:35,3,0,"Roma, Italia"
IndacoXD,Sono entrato anch'io nel team #nutellabiscuits ğŸ·ğŸ¤ª https://t.co/7xZRfhk9un,2019-11-08 17:01:23,31,0,Caserta (nei dintorni)
ailuigiuliaa,Buoni sti biscotti #nutellabiscuits https://t.co/4S1aeDvkmK,2019-11-08 16:22:47,3,0,J O H N N Y D E P P 
chinoinoino,"Guardami guardami, irresistibile, non ci sono piÃ¹!!! ğŸ˜‹ ğŸ˜‹ ğŸ˜‹ ğŸ˜‹ ğŸ˜‹ #nutellabiscuits #nutella #lavitasadibuonoâ€¦ https://t.co/hFkdrZlhg7",2019-11-08 16:07:24,0,1, 
cheremone,"#nutellabiscuits provati, troppo dolciastri #sonovecchio",2019-11-08 15:02:40,0,0,
Italy_Gourmet,"https://t.co/SL2tl0VWgx #Cucina #ItalianRecipes

Se ami il #cioccolato, metti like: non mentire ğŸ˜‚#cioccolatoâ€¦ https://t.co/ZF5U59h1qd",2019-11-08 14:32:39,0,0,"Bologna, Emilia Romagna"
tutto_oki,"Non ho potuto resistere...ğŸ˜‹
#nutellabiscuits #nutellaâ™¥ï¸ https://t.co/uOQ6kmQ9Zq",2019-11-08 13:01:53,1,0,
FattoAlimentare,Nutella biscuits o Baiocchi? La guerra dei biscotti tra Ferrero e Barilla Ã¨ iniziata. Ma sarebbe meglio parlare diâ€¦ https://t.co/sn0OC0V0TX,2019-11-08 12:56:01,1,4,Milano
Svuotafrigo,"Se ami il #cioccolato, metti like: non mentire ğŸ˜‚

#cioccolato #chocolate #cucina #recipe #ricetta #cucinaitalianaâ€¦ https://t.co/9lQoNMbxpX",2019-11-08 10:30:17,0,0,"Napoli, Campania"
eu_durante,Fra poco andrÃ² a cercare i #nutellabiscuits allâ€™#Esselunga di Roma... spero di trovarli! @Ferrero_EU @NutellaGlobal,2019-11-08 09:10:49,1,0,"Rome, Lazio"
Domenico_Ielpo,"Social invasi da foto di #nutellabiscuits.
State mangiando biscotti, non dipingendo la Cappella Sistina.",2019-11-08 08:45:33,0,0,Lauria (PZ)
KawyaSibera,"RT @Nutella_Italia: Pronti. Sfornati. Partiti. #nutellabiscuits
https://t.co/ue695Sk1GY https://t.co/S4flTvG46F",2019-11-08 06:39:51,0,17,Sri Lanka | Italy
La_Zuccaro,#nutellabiscuits #Nutella #foodcopy #copywriting #copywritersunite #copywritersacrificati,2019-11-08 06:36:58,0,0,
moni_consultant,"RT @jean_gasperi73: Praticamente Ferrero ha fatto diventare i Ringo dei dischetti di merda.
Buonissimi e geniali. 
#NutellaBiscuits",2019-11-07 21:58:22,0,1,
_Fra_ncy,Quando la smetterÃ² di comprare tutte le novitÃ  di questo genere sarÃ  sempre troppo tardi. PerÃ² ammazza se so' bbbbbâ€¦ https://t.co/42bw1ifa7S,2019-11-07 20:34:08,10,0,
wallse88,"sorella compra #nutellabiscuits 

Mamma: che fregatura, questi sono tutti i loro residui della #nutella 

Sorella:â€¦ https://t.co/Y797WtibRL",2019-11-07 19:21:02,0,0,
gianlu_1978,#nutellabiscuits #nutella #biscuits #lovenutella #nutellatime https://t.co/dKZgHeZ8DB,2019-11-15 23:36:10,0,0,
deeario,.@Nutella_Italia sta mettendo in pratica una strategia di #scarcitymarketing per il lancio dei #Nutellabiscuits basâ€¦ https://t.co/OIH2mlK6bS,2019-11-15 21:42:57,0,0,Palermo Italy
Jose17Mora,@Rainbow_Luce #nutellabiscuits ğŸ¤©,2019-11-15 20:18:48,1,0,"La Florida,Santiago,Chile"
Lucadellisanti,Per fortuna il pacco dei #nutellabiscuits sta finendo,2019-11-15 19:40:07,0,0,Milano
vannola46,"A non aver ancora assaggiato i biscotti della #nutellabiscuits siamo rimasti io e io ğŸ˜‚ğŸ˜‚
#mainagioia #Nutella #buonaserata",2019-11-15 19:04:13,0,0,
apicella57,"RT @Mariquita_la1a: Ecco, colpa vostra!
Mi avete fatto pressioni pissssicologiche con i vostri post, gli ho dovuti comprare per forza e staâ€¦",2019-11-15 18:54:44,0,1,
Carolina65g,"Sono talmente buone che dovrebbero essere venduti con una cassaforte a tempo, nÃ© prendi un paio, metti il pacchettoâ€¦ https://t.co/mKsj0mvJpb",2019-11-15 17:20:17,0,0,montemurlo italia
faralla_mario,#nutellabiscuits ğŸ¦¸ğŸ»ğŸªğŸ«ğŸ‡®ğŸ‡¹ğŸ˜‹ https://t.co/I6Dq63ZSRR,2019-11-15 16:29:23,0,0,
Mariquita_la1a,"Ecco, colpa vostra!
Mi avete fatto pressioni pissssicologiche con i vostri post, gli ho dovuti comprare per forza eâ€¦ https://t.co/9Pm04y5gvR",2019-11-15 15:54:51,17,1,
mel_iomel,"Dopo la follia pagata 13,00 su Amazon perchÃ© provenienti dagli scaffali francesi, eccoli in Italia!
Ecco il mio fetâ€¦ https://t.co/cP5CtbaWXy",2019-11-15 14:20:09,1,0,"Napoli, Campania"
apetrazzuolo,"#NutellaBiscuits al di lÃ  delle foto, gradirei un vostro giudizio tecnico ğŸ¤” Meglio i baiocchi?",2019-11-15 13:04:24,5,0,Napoli
GiorgioPasta,Poesia ğŸ˜ğŸ˜‹ğŸ¤¤ #nutellabiscuits ğŸª #unadroga @Nutella_Italia https://t.co/P5VDKOYoch,2019-11-15 12:48:15,0,0,Aulla
SaraZalindi,Non ho resistito ğŸ˜ #nutella #nutellabiscuits #biscottiallanutella #golositÃ  #sweettoothforever https://t.co/nIGEFZ3QKS,2019-11-15 12:41:07,0,0,
PizzyBoom,"RT @Im_ImErUb: Non riesco a trovare i Nutella Biscuits al supermercato, figuriamoci l'anima gemella

#nutellabiscuits",2019-11-15 10:50:24,0,11,Napoli
LaSany88,L'apocalisse Ã¨ vicina!! Finita la scorta di #nutellabiscuits ğŸ˜±ğŸ˜±ğŸ˜± noooooooo @Nutella_Italia https://t.co/BIvc77pqmm,2019-11-15 10:14:58,4,0,
LagartoNebbioso,Ok. Questa cosa che quando apri i #nutellabiscuits li trovi impilati in file da due mi disorienta giusto un attimo.â€¦ https://t.co/X0btWcJ73U,2019-11-15 06:37:54,0,0,
mugikikaku,"RT @shsFoodie: New nutella biscuits are amazing ğŸ¤©ğŸ¤© have you already tried it?ğŸ˜ğŸ˜

#nutellabiscuits #nutella #Ferrero #foodporn #italianfoodâ€¦",2019-11-15 00:29:43,0,14,Tokyo
PizzyBoom,Ma solo io non sono ancora capace di trovare i #NutellaBiscuits?,2019-11-14 23:38:19,3,0,Napoli
Martina16862974,"RT @Nutella_Italia: Pronti. Sfornati. Partiti. #nutellabiscuits
https://t.co/ue695Sk1GY https://t.co/S4flTvG46F",2019-11-14 23:00:29,0,17,
Francymolly_80,"RT @GiorgioLiberace: E venne il giorno....ğŸ˜‹
#NutellaBiscuits https://t.co/muJ5JjFqef",2019-11-14 22:12:51,0,2,"Sardegna, Italia"
sanacore1980,"Con questi #nutellabiscuits c'avete un po'rotto il cazzo.
Qualcuno ve lo deve pur dire.",2019-11-14 22:10:55,0,0,"Roma, Lazio"
alechecasino,@salomewannabe A me a 42 bastano i #nutellabiscuits,2019-11-14 22:01:24,1,0,quel paese
ColonnaGabriele,"RT @shsFoodie: New nutella biscuits are amazing ğŸ¤©ğŸ¤© have you already tried it?ğŸ˜ğŸ˜

#nutellabiscuits #nutella #Ferrero #foodporn #italianfoodâ€¦",2019-11-14 21:48:48,0,14,
RuggeroGiordano,@Nutella_Italia Comprati oggi. #nutellabiscuits il mondo dei biscotti non sarÃ  piÃ¹ lo stesso!ğŸ˜»ğŸ˜»ğŸ˜»,2019-11-14 21:29:44,0,0,"Bologna, Emilia Romagna"
RizzoEdoardo,I nuovi @Nutella_Italia #nutellabiscuits sono prodotti esclusivamente in #Basilicata. Una ragione un piÃ¹ per provarâ€¦ https://t.co/nQbRmfQDXi,2019-11-14 21:20:15,1,0,
canadianTML,"RT @shsFoodie: New nutella biscuits are amazing ğŸ¤©ğŸ¤© have you already tried it?ğŸ˜ğŸ˜

#nutellabiscuits #nutella #Ferrero #foodporn #italianfoodâ€¦",2019-11-14 20:51:27,0,14,"Ontario, CA & uk "
AndRisolo17,"Comprati i #NutellaBiscuits ma no, niente.
#KarmaSeiMejoTe",2019-11-14 19:50:38,0,0,"Roma, Lazio"
jagoyda,"RT @nicola_tessaro: @jagoyda ore20.08
SITUAZIONE DIETA #nutellabiscuits https://t.co/KaWmhcTJqX",2019-11-14 19:10:39,0,1,"Conegliano, Veneto"
nicola_tessaro,"@jagoyda ore20.08
SITUAZIONE DIETA #nutellabiscuits https://t.co/KaWmhcTJqX",2019-11-14 19:08:33,1,1,Ciudad AutÃ³noma de Buenos Aire
ElGanspo,"RT @shsFoodie: New nutella biscuits are amazing ğŸ¤©ğŸ¤© have you already tried it?ğŸ˜ğŸ˜

#nutellabiscuits #nutella #Ferrero #foodporn #italianfoodâ€¦",2019-11-14 18:22:55,0,14,Garrucha(Almeria)
helloitsGaia,"Cara @Nutella_Italia, ho davvero bisogno dei #nutellabiscuits monoporzione da portare con me in universitÃ ",2019-11-14 17:51:25,0,0,
RebeccaBrege2,"RT @shsFoodie: New nutella biscuits are amazing ğŸ¤©ğŸ¤© have you already tried it?ğŸ˜ğŸ˜

#nutellabiscuits #nutella #Ferrero #foodporn #italianfoodâ€¦",2019-11-14 17:20:11,0,14,
DilciaAcevedo2,"RT @shsFoodie: New nutella biscuits are amazing ğŸ¤©ğŸ¤© have you already tried it?ğŸ˜ğŸ˜

#nutellabiscuits #nutella #Ferrero #foodporn #italianfoodâ€¦",2019-11-14 16:33:38,0,14,"New York, USA"
IdahNielsen,"RT @shsFoodie: New nutella biscuits are amazing ğŸ¤©ğŸ¤© have you already tried it?ğŸ˜ğŸ˜

#nutellabiscuits #nutella #Ferrero #foodporn #italianfoodâ€¦",2019-11-14 16:31:17,0,14,Danmark
vlicezslavs,"RT @shsFoodie: New nutella biscuits are amazing ğŸ¤©ğŸ¤© have you already tried it?ğŸ˜ğŸ˜

#nutellabiscuits #nutella #Ferrero #foodporn #italianfoodâ€¦",2019-11-14 16:31:03,0,14,"Bandar Kuala Lumpur, Malaysia"
CoccioWilliam,"RT @shsFoodie: New nutella biscuits are amazing ğŸ¤©ğŸ¤© have you already tried it?ğŸ˜ğŸ˜

#nutellabiscuits #nutella #Ferrero #foodporn #italianfoodâ€¦",2019-11-14 16:24:12,0,14,
Vale97T,Ma quanto sono buoni i Nutella Biscuits? ğŸ¤©ğŸ¤©ğŸ¤©ğŸ¤© #nutellabiscuits #nutella @Nutella_Italia https://t.co/w4W0Tvotg6,2019-11-14 16:23:31,0,0,
SubbaiahHarsha,"RT @shsFoodie: New nutella biscuits are amazing ğŸ¤©ğŸ¤© have you already tried it?ğŸ˜ğŸ˜

#nutellabiscuits #nutella #Ferrero #foodporn #italianfoodâ€¦",2019-11-14 15:08:55,0,14,"Melbourne, Victoria"
france_sac,"Ma quanta enfasi per questi #nutellabiscuits...
Trovati al supermercato e presi allâ€™insegna del â€œma sÃ¬, proviamoliâ€â€¦ https://t.co/p4skM4oXUA",2019-11-14 15:03:03,0,0,Pisa
FedericaCozz,"RT @shsFoodie: New nutella biscuits are amazing ğŸ¤©ğŸ¤© have you already tried it?ğŸ˜ğŸ˜

#nutellabiscuits #nutella #Ferrero #foodporn #italianfoodâ€¦",2019-11-14 14:36:48,0,14,
Proudlamb,Penso che sia piÃ¹ facile trovare il sacro graal che i nuovi #nutellabiscuits al supermercato.,2019-11-14 14:23:07,2,0,Italy Livorno
picciola2006,"Eccoli qua! #nutellabiscuits molto molto molto nutelloso!!    A Me piace... e sti cazzi a voi, le calorie, i grassiâ€¦ https://t.co/jYUEZJX4Wo",2019-11-14 14:12:20,2,0,Roma
Kai_the_Fangirl,"RT @shsFoodie: New nutella biscuits are amazing ğŸ¤©ğŸ¤© have you already tried it?ğŸ˜ğŸ˜

#nutellabiscuits #nutella #Ferrero #foodporn #italianfoodâ€¦",2019-11-14 14:12:18,0,14,"Weslaco, TX"
marg319,Ci sarebbero tutti gli estremi per una intensa riflessione sulla pseudocultura di massa e sulla castrazione della fâ€¦ https://t.co/LTCTQKOfqM,2019-11-14 13:41:21,0,0,"Pomigliano d'Arco, Campania"
gmarigliano86,"@DonnaEmme_ @antoniopatrizzi Introvabili, sarÃ  una strategia di marketing #nutellabiscuits",2019-11-14 13:16:30,1,0,"Pompei, Campania"
TheycallmeRum,Tra le invenzioni piÃ¹ inutili della storia ricorderemo la chiusura ermetica dei #nutellabiscuits: una volta apertiâ€¦ https://t.co/lbaCiMUSqZ,2019-11-14 13:11:36,0,0,Sardinia - Italy
antoniopatrizzi,"RT @DonnaEmme_: Per sapere eh!

#nutellabiscuits https://t.co/8zyhtELWPi",2019-11-14 13:09:51,0,1,Napoli
lucabambu,"Ma sta vita qualche gioia mai?
#nutellabiscuits https://t.co/fNQGaWA3ux",2019-11-14 12:59:41,2,0,
shadowhunt_wolf,"RegÃ  mi sono INNAMORATA. 
SONO BUONISSIMI. 
MI SONO ROVINATA CON LE MIE STESSE MANI ğŸ˜­ğŸ˜­ğŸ˜­

#nutellabiscuits",2019-11-14 12:49:09,2,0,
DonnaEmme_,"Per sapere eh!

#nutellabiscuits https://t.co/8zyhtELWPi",2019-11-14 12:03:12,4,1,Partenope
ValePecchia,"Dieta di qua e diete di lÃ , ma intanto a non assaggiare i #nutellabiscuits  sono rimasta io ed io... Vacche!!! ğŸ„",2019-11-14 12:02:09,0,0,Italy 
Geethareveendr3,"RT @shsFoodie: New nutella biscuits are amazing ğŸ¤©ğŸ¤© have you already tried it?ğŸ˜ğŸ˜

#nutellabiscuits #nutella #Ferrero #foodporn #italianfoodâ€¦",2019-11-14 11:56:09,0,14,"Bandar Kuala Lumpur, Wilayah P"
shsFoodie,"New nutella biscuits are amazing ğŸ¤©ğŸ¤© have you already tried it?ğŸ˜ğŸ˜

#nutellabiscuits #nutella #Ferrero #foodpornâ€¦ https://t.co/olVzz8GBiE",2019-11-14 11:55:40,50,14,Five LUISS's hungry students
76clem,#sweetmoment #nutellabiscuits #nutella #igers #igersmilano #igersitalia https://t.co/d5gktsW35V,2019-11-14 09:24:05,0,0,milano
Cucinodavicino,"#Baiocchi vs  #Nutellabiscuits quando la guerra ha origini lontane.
(spoiler? I Baiocchi contengono molto menoâ€¦ https://t.co/iaq4LoRLBY",2019-11-14 08:49:28,0,0,Roma
sabrybergamini,RT @FattoAlimentare: Nutella biscuits o Baiocchi? La guerra dei biscotti tra Ferrero e Barilla Ã¨ iniziata. Ma sarebbe meglio parlare di pasâ€¦,2019-11-14 08:40:57,0,4,
gioelepitru4,RT @moltoscorpione: Ma solo io non ho ancora assaggiato i biscotti alla nutella raga? #nutellabiscuits ğŸ«ğŸ«ğŸ«,2019-11-14 08:30:46,0,1,"Sicilia, Italia"
moltoscorpione,"RT @flayawa: Io NON sono ancora riuscita ad assaggiare i nuovi biscotti della #nutella 

Dichiaro ufficialmente lo 
STATO DI EMERGENZA!

#nâ€¦",2019-11-14 08:30:41,0,10,"Puglia, Italia"
moltoscorpione,"RT @Im_ImErUb: Non riesco a trovare i Nutella Biscuits al supermercato, figuriamoci l'anima gemella

#nutellabiscuits",2019-11-14 08:30:35,0,11,"Puglia, Italia"
moltoscorpione,Ma solo io non ho ancora assaggiato i biscotti alla nutella raga? #nutellabiscuits ğŸ«ğŸ«ğŸ«,2019-11-14 08:30:10,5,1,"Puglia, Italia"
Mariagi06328602,"RT @italiancliches: Have you already tried the new Ferrero biscuits? 
â€¢Nutella biscuits ğŸª

They are delicious and perfect to eat at any timâ€¦",2019-11-14 07:55:48,0,6,
StrangerNews6,"RT @italiancliches: Have you already tried the new Ferrero biscuits? 
â€¢Nutella biscuits ğŸª

They are delicious and perfect to eat at any timâ€¦",2019-11-14 07:54:32,0,6,"New York, USA"
LifeatRome,"RT @italiancliches: Have you already tried the new Ferrero biscuits? 
â€¢Nutella biscuits ğŸª

They are delicious and perfect to eat at any timâ€¦",2019-11-14 07:53:20,0,6,"Rome, Lazio"
alechecasino,Per non farci mancare nulla. #nutellabiscuits #baiocchi @Nutella_Italia @barillagroup https://t.co/ksEB5Gj5Jz,2019-11-14 05:25:10,1,0,quel paese
ASciullo,"#biscuits #Nutella 
             O 
#nutellabiscuits â“",2019-11-14 03:12:13,1,0,
RistoriAmo,"RT @emyleeno: Ho trovato la mia nuova droga . Addio dieta. Addio forma riconducibile ad una persona.

#nutella #nutellabiscuits #nutellalovâ€¦",2019-11-13 21:58:13,0,1,
LaGrace82,#NotBadMrFerrero #nutellabiscuits #relax #afterdinner #homesweethome #autumn #freezynight #november https://t.co/ELWz0Jy1Hv,2019-11-13 21:56:08,3,0,"Monza e della Brianza, Lombardia"
Vaxgelli,"@ChiaraAndrea_B A 3â‚¬ a pacchetto per me se li tengono fino alla scadenza.
Mi compro 1kg di #nutella, 1kg diâ€¦ https://t.co/fVMhrkvAeI",2019-11-13 21:49:07,0,0,Firenze
emyleeno,"Ho trovato la mia nuova droga . Addio dieta. Addio forma riconducibile ad una persona.

#nutella #nutellabiscuitsâ€¦ https://t.co/ltWrUlpWle",2019-11-13 21:39:49,0,1,Rome
afj80_,@Nutella_Italia #nutellabiscuits #Nutella finalmente! https://t.co/kjeTuWhznS,2019-11-13 20:26:23,0,0,"Bologna, Emilia Romagna"
Alberto1970,"Molto buoni ma:
- preferisco i Grisbi ripieni di cioccolato
- due Tarallucci con abbondante Nutella in mezzo mi darâ€¦ https://t.co/wal7Adawgy",2019-11-13 19:54:51,0,0,"Milan, Italy"
giovanna_demi,Ha detto che due biscotti con la nutella in mezzo li sapeva fare anche lui e tutto â€˜sto delirio non lo capisceâ€¦ https://t.co/dnZfl4wir1,2019-11-13 19:26:09,0,0,Lerici
GiannijStinson5,Oggi #14Novembre e i #NutellaBiscuits ancora non si trovano. @Nutella_Italia vi rendete conto che oltre a non esserâ€¦ https://t.co/io31MJOvZX,2019-11-13 19:13:47,1,0,
senso79,"â¤ï¸Amore a prima vistaâ¤ï¸

#nutellabiscuits
#dolcitentazioni
#chemondosarebbesenzanutella
#foodpornitaly
#instagramâ€¦ https://t.co/RBrTmF9ofW",2019-11-13 18:02:52,0,0,Pozzuoli
teresannuccia,Ok lo stand câ€™Ã¨ ma dei #nutellabiscuits neanche lâ€™ombra https://t.co/3wlPfz5Xv5,2019-11-13 17:36:03,1,0,"San Giovanni Rotondo, Puglia"
mario96326808,"Niente di che questi #nutellabiscuits SarÃ  che mi avevano creato una hype troppo alta? Boh, il prodotto mi pare assâ€¦ https://t.co/Pc0rEhxCrm",2019-11-13 14:13:15,0,0,
LoMangioSoloSeM,"Finalmente li ho trovatiiiiiiiiiiiiiiiii
.

#finalmentelihotrovati #nutella #nutellaferrero #nutellabiscuitsâ€¦ https://t.co/u4BAioeaCy",2019-11-13 13:42:43,1,0,
picciola2006,#nutellabiscuits conseguenze: cuore grande o culone grande!?,2019-11-13 12:51:17,0,0,Roma
giuliaforti1234,"RT @italiancliches: Have you already tried the new Ferrero biscuits? 
â€¢Nutella biscuits ğŸª

They are delicious and perfect to eat at any timâ€¦",2019-11-13 12:14:46,0,6,
Valec302,"Nutella, Io giuro di amarti in ogni tua forma. PerchÃ© la felicitÃ  porta sicuramente il tuo nome. #Nutellaâ€¦ https://t.co/phEg8U4lUG",2019-11-13 12:11:11,0,0,
valmez81,Ho appena aperto una confezione di #Nutellabiscuits e... https://t.co/LiFwTJaVzG,2019-11-13 11:10:14,1,0,
garibaldiangelo,"RT @italiancliches: Have you already tried the new Ferrero biscuits? 
â€¢Nutella biscuits ğŸª

They are delicious and perfect to eat at any timâ€¦",2019-11-13 10:35:36,0,6,
italiancliches,"Have you already tried the new Ferrero biscuits? 
â€¢Nutella biscuits ğŸª

They are delicious and perfect to eat at anyâ€¦ https://t.co/PUmuBoyTqX",2019-11-13 10:00:40,8,6,
RistoriAmo,RT @AndreCanevari: Ci sarÃ  qualcuno che riuscirÃ  a non provarli almeno una volta? ğŸ¤”ğŸ¤¥ #nutella #nutellabiscuits #sweet #food #biscuits #italâ€¦,2019-11-13 09:52:17,0,2,
TopChefIT,RT @AndreCanevari: Ci sarÃ  qualcuno che riuscirÃ  a non provarli almeno una volta? ğŸ¤”ğŸ¤¥ #nutella #nutellabiscuits #sweet #food #biscuits #italâ€¦,2019-11-13 09:51:46,0,2,
AndreCanevari,Ci sarÃ  qualcuno che riuscirÃ  a non provarli almeno una volta? ğŸ¤”ğŸ¤¥ #nutella #nutellabiscuits #sweet #food #biscuitsâ€¦ https://t.co/Pu9Mv9eVHi,2019-11-13 09:49:00,0,2,Milano
docflipperino1,@SocialmenteDiv1 Ma nemmeno lontanamente. Buona perche Ã¨ buona. Ma dopo un poâ€™ non ti invoglia piÃ¹. #Nutella inarriâ€¦ https://t.co/XPJSRD3yjs,2019-11-13 09:33:40,2,0,"Milano, Lombardia"
Bianca_neige,"Amore vero o tormento?

#NutellaBiscuits https://t.co/nmhFMbRjm4",2019-11-13 09:15:00,5,0,Milano fino al 2025
FrancescaLai88,RT @iCorporateNews: Mille impiegati e operai di #Ferrero mobilitati come testimonial per lanciare i nuovi #nutellabiscuits: una risposta alâ€¦,2019-11-13 07:40:30,0,4,"Milano, Lombardia"
ilariadituccio,"RT @Im_ImErUb: Non riesco a trovare i Nutella Biscuits al supermercato, figuriamoci l'anima gemella

#nutellabiscuits",2019-11-13 07:09:47,0,11,"Lavello, Basilicata"
LucaCurs,Penso di esser ormai l'ultima persona a non aver mangiato i #nutellabiscuits.,2019-11-12 21:15:28,0,0,Italy
AntheaSignoret1,ChissÃ  se a @_emilife regaleranno un tir di #nutellabiscuits https://t.co/L760GUb0B4,2019-11-12 21:08:56,1,0,"Fossano, Piemonte"
AntheaSignoret1,Esigo un codice sconto #nutellabiscuits #Nutella @Nutella_Italia https://t.co/AveSHHTbWy,2019-11-12 21:08:15,0,0,"Fossano, Piemonte"
AntheaSignoret1,Qual'Ã¨ il codice sconto per chi pubblica la storia? @Nutella_Italia #nutella #nutellabiscuits https://t.co/QxzSNMxJEP,2019-11-12 21:07:48,0,0,"Fossano, Piemonte"
Oddities1,Apposto. Ho provato i #nutellabiscuits. Ne ho mangiati un sacco. Direi che mi sono piaciuti. I miei sacrifici e i mâ€¦ https://t.co/G2Uwqecsci,2019-11-12 20:26:07,3,0,
amoiwifi,RT @AleGuetta93: â€œDue cose sono infinite: l'universo e la quantitÃ  di Nutella Biscuits che un essere umano puÃ² mangiare in un piovoso pomerâ€¦,2019-11-12 20:19:23,0,2,
amoiwifi,La Ferrero ha investito tantissimo per farli e la sua spesa non poteva essere vana #nutellabiscuits https://t.co/rjSQt9Pfre,2019-11-12 20:17:37,1,0,
wonder_ste,"RT @wonder_ste: Comunque volevo dire che i #nutellabiscuits  fatti girare al micronde due minuti, sono una goduri pazzesca!
Mi ascoltate oâ€¦",2019-11-12 19:55:13,0,1,"Trani/Bergamo/Long Beach, CA "
alex_liccardo,@iamexemi Lo comunico anche a mio fratello @KuroNekoSama86 che vive in Irlanda e che ha postato in questi giorni riâ€¦ https://t.co/ldnFNRuiQJ,2019-11-12 19:38:55,1,0,Padova
23Weishaupt,RT @ildisagioh: Non bastava dover rinunciare alla nutella per la dieta. Ora pure ai biscotti. Siete crudeli e sadici. #NutellaBiscuits,2019-11-12 19:28:19,0,2,
elenina_CC,"RT @ComeLava: Ebbene sÃ¬ ho trovato la mia fine â¤ï¸
#nutellabiscuits #nutella #italia #Ferrero https://t.co/NKJ8cJrXut",2019-11-12 18:57:07,0,1,
AleGuetta93,â€œDue cose sono infinite: l'universo e la quantitÃ  di Nutella Biscuits che un essere umano puÃ² mangiare in un piovosâ€¦ https://t.co/M16vzHJpzL,2019-11-12 18:31:55,5,2,Firenze
moon_2o8,"Chi non ha ancora comprato i nuovi #nutellabiscuits e non ha pubblicato la foto Ã¨ passabile di reato penale?
Chiedo per un'amica
#Nutella",2019-11-12 17:23:39,1,0,Cagliari 
MarcoPerziani,"Dimmi un esempio di droga?
Ecco:

#mortacci vostri quanto costate

#nutellabiscuits
#nutella https://t.co/RKehlwLSLV",2019-11-12 17:16:29,0,0,"Ascoli Piceno, Italia "
MiletheFrog,"Wanted
Ma chi li vende??

Sono introvabili 
#nutellabiscuits https://t.co/mwUaZB6L0F",2019-11-12 17:01:03,0,0,oggi qua..domani chi sa
ComeLava,"Ebbene sÃ¬ ho trovato la mia fine â¤ï¸
#nutellabiscuits #nutella #italia #Ferrero https://t.co/NKJ8cJrXut",2019-11-12 16:41:05,4,1,"Torino, Piemonte"
CarlotNunzi,#nutellabiscuits #ferrero https://t.co/VKyNpk00hw,2019-11-12 16:29:07,0,0,
wonder_ste,"Comunque volevo dire che i #nutellabiscuits  fatti girare al micronde due minuti, sono una goduri pazzesca!
Mi ascoâ€¦ https://t.co/iO0moUjPmB",2019-11-12 13:58:28,3,1,"Trani/Bergamo/Long Beach, CA "
iam_agnese,"RT @Im_ImErUb: Non riesco a trovare i Nutella Biscuits al supermercato, figuriamoci l'anima gemella

#nutellabiscuits",2019-11-12 13:57:26,0,11,"Biancavilla (CT), Sicilia "
luigimarti1,"No vabbÃ¨... Esagerati... Dovrebbero bandirli... Sono una droga
#Nutella #nutellabiscuits https://t.co/1nOXu14hPb",2019-11-12 13:53:18,2,0,"Roma, Lazio"
AlesPinkFairy,PerchÃ© un biscotto puÃ² non essere un semplice biscotto.Una volta provato diventa una vera dipendenza dolciosa e godâ€¦ https://t.co/zAIQl4xAGl,2019-11-12 13:28:46,1,0,Italia
serperuta,"#nutellabiscuits per me promossi ğŸ¥‡
Ripieno consistente âœ”ï¸
Biscotto friabile e leggiUero âœ”ï¸
Non ingolfano âœ”ï¸ https://t.co/hWsJBVXpse",2019-11-12 13:07:15,14,0,
BenAlwaysSmile,"Quanto sono buoni i #nutellabiscuits ğŸ¤¤
Sono innamorata",2019-11-12 13:01:26,0,0,tra le braccia di Benjamin
pazzoperrep,"RT @enricoporro: Milioni di consumatori aspettavano l'arrivo dei #nutellabiscuits.
Io aspettavo la pubblicitÃ  di lancio.

Non ci sono piÃ¹ iâ€¦",2019-11-12 12:10:03,0,1,
enricoporro,"Milioni di consumatori aspettavano l'arrivo dei #nutellabiscuits.
Io aspettavo la pubblicitÃ  di lancio.

Non ci sonâ€¦ https://t.co/m7NU7UdGwI",2019-11-12 12:09:51,1,1,Cernusco sul Naviglio
AnnaTarquilli,"RT @flayawa: Io NON sono ancora riuscita ad assaggiare i nuovi biscotti della #nutella 

Dichiaro ufficialmente lo 
STATO DI EMERGENZA!

#nâ€¦",2019-11-12 11:55:54,0,10,
TopChefIT,"RT @sicial: Li ho provati... oggettivamente sono devastanti... ad occhio, non li fa la #Ferrero ma #Satana direttamente! #nutella #NutellaBâ€¦",2019-11-12 11:37:19,0,1,
federicogoria,"RT #FOOD_Italia: Attesi da tempo, hanno fatto il loro ingresso nel mercato accompagnati da una campagna plateale: sâ€¦ https://t.co/x9XIq5QXLO",2019-11-12 11:34:16,0,0,Torino
sicial,"Li ho provati... oggettivamente sono devastanti... ad occhio, non li fa la #Ferrero ma #Satana direttamente!â€¦ https://t.co/vcI1TCwQ5W",2019-11-12 11:33:28,0,1,Rome
FrancescaLupo15,RT @huchukato: Gente che compra i #nutellabiscuits su Amazon e si lamenta che gli arrivano distrutti. Non avete mai visto come lavorano i câ€¦,2019-11-12 11:32:44,0,1,Siracusa
terzocassetto,"RT @Im_ImErUb: Non riesco a trovare i Nutella Biscuits al supermercato, figuriamoci l'anima gemella

#nutellabiscuits",2019-11-12 11:13:33,0,11,
CercoCose,"RT @Im_ImErUb: Non riesco a trovare i Nutella Biscuits al supermercato, figuriamoci l'anima gemella

#nutellabiscuits",2019-11-12 11:07:36,0,11,
FOOD_Italia,"Attesi da tempo, hanno fatto il loro ingresso nel mercato accompagnati da una campagna plateale: sono iâ€¦ https://t.co/c2lPY9Pvvv",2019-11-12 10:57:34,0,0,Parma
DigoB87,Trovati finalmente ğŸ˜‹ğŸ˜‹ğŸ˜‹ #nutellabiscuits https://t.co/0canSu2uTu,2019-11-12 10:15:38,1,0,"Granozzo con Monticello, Piemo"
huchukato,Gente che compra i #nutellabiscuits su Amazon e si lamenta che gli arrivano distrutti. Non avete mai visto come lavorano i corrieri eh?,2019-11-12 09:43:37,14,1,Salerno / Benevento
ItaliaMobilesrl,"ğŸ‘¨â€ğŸ« La lezione di #Marketing della #Ferrero ğŸŒ°
ğŸ‘‰ https://t.co/atPBbWkJp4

#NutellaBiscuits #Nutella #BiscottiNutella #MakeMarketingGreatAgain",2019-11-12 08:29:54,1,1,"Moncalieri, Piemonte"
cinziasanna89,#dayoff #morning #goodmorning #morningcuddles #coffee #nutella #nutellabiscuits #breakfast #autumn #autumnvibesğŸâ€¦ https://t.co/hpPNtfzGgw,2019-11-12 08:23:01,0,0,"Roma, Lazio"
Disagio4all,"- va beh 71 calorie a biscotto, neanche tanto...
+ ne hai mangiati 10. MetÃ  fabbisogno giornaliero di una donna norâ€¦ https://t.co/YucbxBJ3uB",2019-11-12 08:09:32,23,0,
vaniacavi,"RT @flayawa: Io NON sono ancora riuscita ad assaggiare i nuovi biscotti della #nutella 

Dichiaro ufficialmente lo 
STATO DI EMERGENZA!

#nâ€¦",2019-11-12 05:06:07,0,10,
Federicobarald3,"RT @flayawa: Io NON sono ancora riuscita ad assaggiare i nuovi biscotti della #nutella 

Dichiaro ufficialmente lo 
STATO DI EMERGENZA!

#nâ€¦",2019-11-12 02:58:33,0,10,
avvmacellaro,"RT @flayawa: Io NON sono ancora riuscita ad assaggiare i nuovi biscotti della #nutella 

Dichiaro ufficialmente lo 
STATO DI EMERGENZA!

#nâ€¦",2019-11-11 23:57:56,0,10,"Basilicata, Italia"
Lamomi20,"RT @Im_ImErUb: Non riesco a trovare i Nutella Biscuits al supermercato, figuriamoci l'anima gemella

#nutellabiscuits",2019-11-11 23:08:42,0,11,
ItalianoeRomano,"RT @flayawa: Io NON sono ancora riuscita ad assaggiare i nuovi biscotti della #nutella 

Dichiaro ufficialmente lo 
STATO DI EMERGENZA!

#nâ€¦",2019-11-11 22:54:57,0,10,"Roma, Lazio"
antonellilaila1,"RT @Im_ImErUb: Non riesco a trovare i Nutella Biscuits al supermercato, figuriamoci l'anima gemella

#nutellabiscuits",2019-11-11 21:52:35,0,11,
GattaSulTetto,Mangiateveli voi i Baiocchi e il loro retrogusto di olio irrancidito  #nutellabiscuits WIN â¤ï¸,2019-11-11 21:27:04,0,0,
GattaSulTetto,"RT @Im_ImErUb: Non riesco a trovare i Nutella Biscuits al supermercato, figuriamoci l'anima gemella

#nutellabiscuits",2019-11-11 21:26:07,0,11,
Kiara_Valentine,#nutellabiscuits and Dungeons and Dragons XD https://t.co/HYsMdUMXz9,2019-11-11 21:23:59,2,0,"La Spezia, SP, Italy"
LaFedee31,"Potere immaginare la mia faccia davanti a questa scena...Dei Nutella biscuits manco l'ombra,MAI 'NA GIOIAAAAâ€¦ https://t.co/bTeGsSmgpA",2019-11-11 21:06:16,1,0,"Roma, Lazio"
Har22old,RT @ildisagioh: Non bastava dover rinunciare alla nutella per la dieta. Ora pure ai biscotti. Siete crudeli e sadici. #NutellaBiscuits,2019-11-11 20:58:27,0,2,
sarahdandrea,RT @nunziospc: Volevo informarvi che i #nutellabiscuits non li fa la Ferrero. Li fa direttamente Satana!,2019-11-11 20:55:14,0,1,Italy
NinaD_MyUnicorn,Finalmente ho assaggiato i nuovi biscotti alla nutella della Ferrero e niente penso di essere in paradiso â¤ï¸ğŸ˜â€¦ https://t.co/WRc1FhGW3K,2019-11-11 20:52:35,4,0,
_Lll29_,"#NutellaBiscuits solo a me ricordano al 90% i #Baiocchi, e per questo al 100% per me vincono i Baiocchi? ğŸ˜Šâ€¦ https://t.co/WdASsqkRbC",2019-11-11 20:48:57,1,0,Toscana 
IvoAyrton,"RT @flayawa: Io NON sono ancora riuscita ad assaggiare i nuovi biscotti della #nutella 

Dichiaro ufficialmente lo 
STATO DI EMERGENZA!

#nâ€¦",2019-11-11 20:41:04,0,10,
robrench86,Ma questi #nutellabiscuits son davvero cosÃ¬ buoni? Devo ancora provarli!,2019-11-11 20:36:38,0,0,"Firenze, Toscana"
Maddy92Med,#nutellabiscuits approvedğŸ˜,2019-11-11 20:33:39,0,0,MB-BG-MI
Mersil,"RT @flayawa: Io NON sono ancora riuscita ad assaggiare i nuovi biscotti della #nutella 

Dichiaro ufficialmente lo 
STATO DI EMERGENZA!

#nâ€¦",2019-11-11 20:17:46,0,10,"Lombardia, Italia"
Inconsapevole2,Mi sembra di aver intuito che qualcuno ha mangiato i #nutellabiscuits,2019-11-11 20:07:07,3,0,
ClarinetteMal_,La Ferrero ci vuole tutti grassi e felici â¤ #nutellabiscuits,2019-11-11 20:02:54,2,0,"Milano, Lombardia"
NicoConsoli23,"Buonissimi i #nutellabiscuits 
Ma le scritte prima in italiano #Ferrero, non in francese...
#sovranismodolciarioâ€¦ https://t.co/XhxwvMdlSD",2019-11-11 19:35:41,1,0,"Catania, Sicilia"
EmanueLazio,Trovati. Ora toccherÃ  mangiarli ğŸ˜¬ #nutellabiscuits #nutella #ferrero #unavitadistenti https://t.co/PF1oLAvF4g,2019-11-11 19:09:27,7,0,
clastella2017,"RT @flayawa: Io NON sono ancora riuscita ad assaggiare i nuovi biscotti della #nutella 

Dichiaro ufficialmente lo 
STATO DI EMERGENZA!

#nâ€¦",2019-11-11 19:07:15,0,10,
inbuckysarms,"RT @Im_ImErUb: Non riesco a trovare i Nutella Biscuits al supermercato, figuriamoci l'anima gemella

#nutellabiscuits",2019-11-11 19:06:20,0,11,ğ´ğ‘ ğ‘”ğ‘ğ‘Ÿğ‘‘
Dawidhelettrooo,"RT @andrea_pecchia: Il mio rapporto con la #Nutella

#11Novembre #nutellabiscuits https://t.co/55lxTkU11Y",2019-11-11 19:06:19,0,1,"Roma, Lazio"
Seremolotov999,"RT @flayawa: Io NON sono ancora riuscita ad assaggiare i nuovi biscotti della #nutella 

Dichiaro ufficialmente lo 
STATO DI EMERGENZA!

#nâ€¦",2019-11-11 18:59:52,0,10,piÃ¹ lontana possibile da Vauro
SignorTrofimov,"RT @Im_ImErUb: Non riesco a trovare i Nutella Biscuits al supermercato, figuriamoci l'anima gemella

#nutellabiscuits",2019-11-11 18:56:55,0,11,Italia
Im_ImErUb,"Non riesco a trovare i Nutella Biscuits al supermercato, figuriamoci l'anima gemella

#nutellabiscuits",2019-11-11 18:56:06,59,11,
lucasprezioso,Ribadisco il concetto che sono meglio i baiocchi #nutellabiscuits #nutella,2019-11-11 18:46:53,0,0,Milano
andrea_pecchia,"Il mio rapporto con la #Nutella

#11Novembre #nutellabiscuits https://t.co/55lxTkU11Y",2019-11-11 18:46:21,5,1,"Frascati, Roma"
Aurora1393,Aiuto voglio troppo assaggiare i #nutellabiscuits ma vanno a ruba e non li trovo mai!,2019-11-11 18:46:20,1,0,"Lazio, Italia"
mnltsl,"#nutellabiscuits non capisco, ma la #nutella non Ã¨ un dolce â€œal cucchiaio â€œ? E poi i carboidrati fanno male...",2019-11-11 18:44:01,0,0,Rimini 
annyna1982,"Ãˆ aperta l'asta!! ğŸ¤£ğŸ¤£ğŸ¤£

#nutellabiscuits #nutella https://t.co/X10YM7TMn1",2019-11-11 18:39:52,2,0,"Roma, Lazio"
Fioredicollina,Ma la bontÃ   dei #nutellabiscuits l avete ptovata? Libidine!! #nutella https://t.co/qflYzT5B8M,2019-11-11 18:28:14,1,0,collina emiliana (Italy)
ildisagioh,Non bastava dover rinunciare alla nutella per la dieta. Ora pure ai biscotti. Siete crudeli e sadici. #NutellaBiscuits,2019-11-11 18:24:50,17,2,Sempre a destra.
CalyCely,CioÃ¨... il bello della Nutella Ã¨ che posso metterla sopra ogni cosa che mi passi davanti agli occhi... la mia creatâ€¦ https://t.co/C04oXfcKEz,2019-11-11 18:17:17,1,0,Italy
flayawa,"Io NON sono ancora riuscita ad assaggiare i nuovi biscotti della #nutella 

Dichiaro ufficialmente lo 
STATO DI EMEâ€¦ https://t.co/f6JBOKAGVB",2019-11-11 18:14:45,118,10,Roma
adelisia74,#nutella non la mangio da secoli #nutellabiscuits non posso perchÃ© allergica alla glutine #fase low carb quindi non mi tocca,2019-11-11 18:07:04,3,0,"Torino, Piemonte, attuale "
drimond_89,"Se tra gli Ingredienti leggessi : Olio di Palma , Amianto , Uranio , Plutonio , Sangue infetto da HIV , Cerume di Sâ€¦ https://t.co/KiWoTajoQ8",2019-11-11 15:57:37,1,0,
PatriziaValen13,Ditemi che sono brava ...sono passata davanti allo scaffale dei biscotti alla nutella e li ho ignorati #nutellabiscuits,2019-11-11 12:14:13,0,0,"Varese, Lombardia"
nunziospc,Volevo informarvi che i #nutellabiscuits non li fa la Ferrero. Li fa direttamente Satana!,2019-11-11 11:19:50,8,1,
MeryPirozzi,La dieta del lunedÃ¬ inizia alla grande!! ğŸ˜ğŸ·ğŸ˜‚ #nutellabiscuits https://t.co/C94869wYUM,2019-11-11 10:53:21,0,0,Napoli
tacchinoreale,Mortacci che boni #nutella #nutellabiscuits https://t.co/veepbx56Gt,2019-11-10 20:58:32,2,0,
ChoiceEmvi,Quando provi a compare i nuovi #nutellabiscuits ma sono giÃ  andati a ruba anche nel centro #commerciale piÃ¹ grandeâ€¦ https://t.co/e0Nt9zR603,2019-11-10 19:31:18,0,0,"Rome, Lazio"
enniopugli,"Ãˆ porno, e lascio #nutellabiscuits https://t.co/bUSH602jaA",2019-11-10 19:08:58,0,0,"Milano, Lombardia"
wesmilealways,Raga ho assaggiato i #nutellabiscuits e porca troia sono buonissimi,2019-11-10 18:44:26,0,0,
vanibaby9,"RT @OreNoYumeNiNaru: Nessuno mi fa le coccole...
quindi me le faccio da solo.
#nutellabiscuits https://t.co/ivvMdTLhVx",2019-11-10 15:30:44,0,4,chissenefrega ğŸ‡§ğŸ‡·
Lucadellisanti,Recensione #nutellabiscuits: piÃ¹ buoni dei Baiocchi. VOTO 9,2019-11-10 14:33:20,4,0,Milano
GGeneSharp,"@Nozucchero Sui #nutellabiscuits alzo bandiera bianca

La forza di volontÃ  si sposta al supermercato cercando di noâ€¦ https://t.co/8OBA4qyN5m",2019-11-10 12:59:24,2,0,
GGeneSharp,Nel 2005 ho smesso di fumare. Ha giugno '19 ho smesso di bere alcolici. Quindici giorni fa ho smesso con i dolci...â€¦ https://t.co/wOQ6oB1NFn,2019-11-10 12:36:39,26,0,
ILSELFIE10,La nuova droga Ã¨ tra noi #nutellabiscuits https://t.co/sIv3MgzJID,2019-11-10 12:13:41,1,0,
CloudyKant,"https://t.co/bm2EuW0IEA 
#StopPalmoil
#stopdeforestation
#nutellabiscuits 
#nutella",2019-11-10 12:01:36,0,0,
elfflacofurla,"1560 kcal, â‚¬ 2.99, dunque ipercalorici e dal prezzo non propriamente modico, ma oggettivamente devastanti. #nutellabiscuits",2019-11-10 11:45:15,2,0,Montebelluna
pausascenica,Delusione totale i #nutellabiscuits,2019-11-10 11:22:23,0,0,"Milano, Lombardia"
pieffe14,"RT @ItaliansDoEat: Perfect cake by @GialloZafferano 

https://t.co/AWM8gNOLgY

#9novembre #november9th #9Nov #cake #sweet #sweetie #food #fâ€¦",2019-11-10 10:21:07,0,6,
cottytorino,"La vita Ã¨ breve. Mangia il dessert per primo
(Jacques Torres) #nutellabiscuits â¤ï¸â¤ï¸â¤ï¸â¤ï¸ @ Susa, Italy https://t.co/CUJ4UXXa4s",2019-11-10 08:45:29,1,0,"Torino, Piemonte"
KawyaSibera,"Sii lui mi ha portato ğŸ˜
Sono perfetti #nutellabiscuits @Nutella_Italia https://t.co/X4padeSJCz https://t.co/52Bh1gUQl3",2019-11-10 03:31:14,0,0,Sri Lanka | Italy
KawyaSibera,"Dico a mio fratello #à¶¸à·”à¶šà·”à¶­à·Šà¶‘à¶´à·
#nutellabiscuits â˜¹ï¸",2019-11-10 03:28:41,0,0,Sri Lanka | Italy
gucciMaryna,"RT @OreNoYumeNiNaru: Nessuno mi fa le coccole...
quindi me le faccio da solo.
#nutellabiscuits https://t.co/ivvMdTLhVx",2019-11-10 00:36:14,0,4,Italia
F1ppo,"RT @OreNoYumeNiNaru: Nessuno mi fa le coccole...
quindi me le faccio da solo.
#nutellabiscuits https://t.co/ivvMdTLhVx",2019-11-09 23:04:40,0,4,Italia
valeria_e_ben,Ma davvero mi sono appena alzata dal divano per andare a mangiare i #nutellabiscuits ?! #buoni #fantestici #ciaodieta,2019-11-09 23:03:25,0,0,Milano-quasi 
SeRovina,"I biscotti della nutella sono tecnologicamente evoluti.
Una droga.
La Ferrero non si batte.
#nutellabiscuits",2019-11-09 22:52:53,0,0,Roma
TheRichestDino,Consiglio caldamente i #NutellaBiscuits ; sono la fine del mondo! ğŸ¤¤ğŸ˜‹,2019-11-09 21:46:21,0,0,Italia
flaminiasabate1,"Avete rotto le balle co' sti #nutellabiscuits, qua c'Ã¨ gente che fa finta di stare a dieta!",2019-11-09 21:11:06,9,0,"Roma, Lazio"
JackPetru,Oggi al supermercato volevo comprare i @Nutella_Italia Biscuits. Che dire... chapeau per unâ€™azione di #marketing seâ€¦ https://t.co/zJGSZLtzEU,2019-11-09 21:02:27,3,0,"Foiano della Chiana, Toscana"
unicorniobonita,"RT @ItaliansDoEat: Perfect cake by @GialloZafferano 

https://t.co/AWM8gNOLgY

#9novembre #november9th #9Nov #cake #sweet #sweetie #food #fâ€¦",2019-11-09 21:02:01,0,6,
Joslima65665241,"RT @ItaliansDoEat: Perfect cake by @GialloZafferano 

https://t.co/AWM8gNOLgY

#9novembre #november9th #9Nov #cake #sweet #sweetie #food #fâ€¦",2019-11-09 20:41:21,0,6,"SÃ£o Paulo, Brasil"
ItaliansDoEat,"Perfect cake by @GialloZafferano 

https://t.co/AWM8gNOLgY

#9novembre #november9th #9Nov #cake #sweet #sweetieâ€¦ https://t.co/GRiuRxGARN",2019-11-09 20:38:18,17,6,"Roma, Lazio"
VentagliP,"RT @PioRusso_79: Ãˆ l'ultimo e non ho il coraggio
#nutellabiscuits #Nutella #SabatoDAutunno #sabatosera #Saturday #saturdaynight #dolce #sweâ€¦",2019-11-09 19:58:37,0,1,
chrcapuano,"RT @OreNoYumeNiNaru: Nessuno mi fa le coccole...
quindi me le faccio da solo.
#nutellabiscuits https://t.co/ivvMdTLhVx",2019-11-09 19:46:26,0,4,"Naples, Italy "
PioRusso_79,"Ãˆ l'ultimo e non ho il coraggio
#nutellabiscuits #Nutella #SabatoDAutunno #sabatosera #Saturday #saturdaynightâ€¦ https://t.co/ewDvVsUBh5",2019-11-09 19:35:14,1,1,Napoli
mana030312,"Che avranno mai di speciale... ?? Sono biscotti con la Nutella dentro, come quelli che ti fai da solo. Ah dimenticaâ€¦ https://t.co/AlPF7Qfde0",2019-11-09 19:11:36,0,0,
antoniotreglia,"E voi quali preferite?
Io #Baiocchi Tutta la vita. 
#nutellabiscuits #baiocchi #nutella https://t.co/eCRVkapwUm",2019-11-09 19:08:52,11,0,"Formia, Lazio"
MimmoFdL,Trovati ğŸ‰ğŸ‰ #nutellabiscuits,2019-11-09 19:00:36,4,0,
OreNoYumeNiNaru,"Nessuno mi fa le coccole...
quindi me le faccio da solo.
#nutellabiscuits https://t.co/ivvMdTLhVx",2019-11-09 18:41:44,30,4,
emanueetornab2,#nutellabiscuits #nutellabiscuit #uncuoregrande @emanueetornab2 #nutella @ Due Ponti Sporting Club https://t.co/UVOT3uIulo,2019-11-09 17:34:57,0,0,"Roma, Lazio"
PizzyBoom,Voglio i #NutellaBiscuits,2019-11-09 16:57:07,2,0,Napoli
patriziobertani,"RT @cocochanel8996: Una vita senza amore ma non senza nutella.

#Nutella #nutellabiscuits https://t.co/UavO5Rz0EB",2019-11-09 16:25:28,0,2,Napoli-Seul-Milano-Londra
8flanker,Nutella Biscuits #nutella #roma #nutellabiscuits #cake #biscuits #chocolate #cacao #lekker https://t.co/Fq0PPpj4sA,2019-11-09 16:23:29,0,0,NIHIL DIFFICILE VOLENTI
GiannijStinson5,Mandatemi i #NutellaBiscuits o gli faccio del male @Nutella_Italia ğŸ”ª https://t.co/3T88eykga7,2019-11-09 15:51:19,3,0,
GiannijStinson5,"#NutellaBiscuits arrivati stamattina e giÃ  finiti ma io vi denuncio quanti ne mandate, due per cittÃ ? ğŸ¤¬@Nutella_Italia",2019-11-09 15:47:23,0,0,
Noninfluente,"RT @cocochanel8996: Una vita senza amore ma non senza nutella.

#Nutella #nutellabiscuits https://t.co/UavO5Rz0EB",2019-11-09 15:28:17,0,2,Pordenone
cocochanel8996,"Una vita senza amore ma non senza nutella.

#Nutella #nutellabiscuits https://t.co/UavO5Rz0EB",2019-11-09 15:26:33,9,2,"Milan, Lombardy"
docflipperino1,Da oggi il mondo Ã¨ un #mondomigliore  #ferrero #nutellabiscuits https://t.co/ZtwL8oFmjl,2019-11-09 13:32:17,3,0,"Milano, Lombardia"
AleJustOne,"Mr. Ferrero sa come aiutare il prossimo.
Chi ci fa del bene esiste. 
#nutellabiscuits https://t.co/o8uOdWkSUY",2019-11-09 13:16:09,1,0,Roma
__Sinu__,"Adesso il mondo Ã¨ un posto migliore.
#nutellabiscuits #Nutella https://t.co/kyvsWKCV8z",2019-11-09 12:57:10,0,0,
VeronicaAiroldi,Sono perfetti!   #nutellabiscuits https://t.co/lVqmIr89f4,2019-11-09 12:33:09,13,0,
Lucamarte83,"Si chiamano #NutellaBiscuits, ma costano piÃ¹ delle castagne... https://t.co/DBjUTuKv7K",2019-11-09 12:14:53,0,0,Porto Sant'Elpidio
Kfeade,#nutellabiscuits loooooooove!!!! https://t.co/PafsHyuh0c,2019-11-09 11:51:25,0,0,"Milano, Italy"
lomaroso,Coccoliamoci #caffÃ¨ #nutellabiscuits https://t.co/ObVQ1luLxA,2019-11-09 11:24:12,0,0,Erbusco in Franciacorta! 
SimonRedaelliMD,"Finally, Iâ€™ve tried #nutellabiscuits 
Good job @Nutella_Italia ğŸ’ªğŸ‘
âœ… Approved https://t.co/KBPaobPEZz",2019-11-09 11:02:46,2,0,Italia
CatollaNeroBlu,"Eh niente... Non ciÃ² pensato solo io
#NutellaBiscuits #SoldOut #MaiUnaGioia https://t.co/jBfHujxgaF",2019-11-09 09:43:30,0,0,Italia
rrtvln,Buongiorno con una â€œporcataâ€ niente male ! #NutellaBiscuits @Nutella_Italia ğŸ¤© https://t.co/Zac8RwaUe0,2019-11-09 09:30:39,1,0, #Italy #World 
AlessiaMonteleo,"Questo sacchetto contiene inferno e paradiso insieme. 
Ho trovato lâ€™amore della mia vita. 
#nutellabiscuitsâ€¦ https://t.co/mL3Pd2Afa3",2019-11-09 09:29:30,1,0,"Lombardia, Italia"
lidiaottelli,"E nulla... nutella biscuits
.
.
.
#nutellabiscuits #nutella #colazione #buongiorno #goodmorning #good #breakfastâ€¦ https://t.co/8Ljh1aLIXe",2019-11-09 09:26:26,0,0,
andrea_gore15,"Vabeh ma ditelo che la droga era stata legalizzata!!! ğŸ¤¤
#NutellaBiscuits https://t.co/cXeRVm93UO",2019-11-09 08:25:41,0,0,"Rome, Italy"
Angiolangel,"RT @chinoinoino: Guardami guardami, irresistibile, non ci sono piÃ¹!!! ğŸ˜‹ ğŸ˜‹ ğŸ˜‹ ğŸ˜‹ ğŸ˜‹ #nutellabiscuits #nutella #lavitasadibuono  #lavitaÃ¨bella #â€¦",2019-11-09 07:40:32,0,1,
sfanculin,"RT @lucasprezioso: I biscotti alla nutella sono buoni, ma nulla di rilevante, nulla che mi abbia fatto saltare dalla sedia. Sono dei baioccâ€¦",2019-11-08 23:04:24,0,1,
stellaetoile91,RT @FattoAlimentare: Nutella biscuits o Baiocchi? La guerra dei biscotti tra Ferrero e Barilla Ã¨ iniziata. Ma sarebbe meglio parlare di pasâ€¦,2019-11-08 22:23:34,0,4,
xntgo,"Li ho comprati.
#nutellabiscuits https://t.co/W7TtvCkAXY",2019-11-08 21:59:55,0,0,
lucasprezioso,"I biscotti alla nutella sono buoni, ma nulla di rilevante, nulla che mi abbia fatto saltare dalla sedia. Sono dei bâ€¦ https://t.co/F69pTkiHsx",2019-11-08 21:56:53,1,1,Milano
GiannijStinson5,Tweet muto @Nutella_Italia #nutellabiscuits ğŸ˜¤ https://t.co/dp83BMV6nR,2019-11-08 21:44:06,0,0,
krustbar,Che zozzeria (e creano dipendenza). Nicely done @nutella_italia #nutella #nutellabiscuits #gnam #sweet https://t.co/l4XqQvZi42,2019-11-08 20:09:18,1,0,Italy
nikizag7,Che idea geniale...la fine del mondoğŸ‘ğŸ»ğŸ‘ğŸ»ğŸ‘ğŸ»#nutellabiscuits https://t.co/2VTcmqOmMA,2019-11-08 20:07:56,0,0,Venezia - Mestre
Emm4Peel,Sta storia del #NutellaBiscuits vi sta sfuggendo di mano. https://t.co/14RSvkUfEM,2019-11-08 20:07:35,6,0,Polo Nord
Philfought,Ok I will be needing these - #nutella #nutellabiscuits https://t.co/OwrMSqQDRf,2019-11-08 20:01:04,0,0,DC Metro Area
MarikaZizzi,"Girare tutti i supermercati della mia cittÃ  a piedi per trovare i maledetti #nutellabiscuits Ã¨ considerato sport? 
ğŸ˜’",2019-11-08 19:46:54,0,0,"Martina Franca, Puglia"
Luca_F__,"Wow
BoniğŸ˜‹ğŸ˜‹ğŸ˜‹ğŸ˜‹ğŸ˜‹ğŸ˜‰ğŸ˜‰ğŸ˜—
#nutellabiscuits https://t.co/3NAs3Rk67C",2019-11-08 19:33:56,4,0,
kicca0181,Addio linea ( se mai ne avevo una)... #nutellabiscuits https://t.co/yqiUpG3TfT,2019-11-08 19:09:23,6,0,
gavhriel83,Dite pure quello che volete dei #nutellabiscuits ma per me hanno stravinto su tutto. Best #comfortfood ever.,2019-11-08 19:05:35,0,0,
elenacanepa90,"Trovati, assaggiati e approvati a pieni voti... #nutellabiscuits #Nutella
ğŸ·ğŸ·ğŸ· https://t.co/y9Ci2ASC4N",2019-11-08 18:51:44,2,0,"Liguria, Italia"
VScanuforever,E niente ho aperto i #NutellaBiscuits la fine Ã¨ qui ğŸ¤ªğŸ˜,2019-11-08 18:04:22,1,0,
monicafabiola91,"Esto es un pecado ğŸ˜‚
Es riquÃ­simo 

#NutellaBiscuits #Nutella #Ferrero https://t.co/H1086b3pDA",2019-11-08 17:57:35,3,0,"Roma, Italia"
IndacoXD,Sono entrato anch'io nel team #nutellabiscuits ğŸ·ğŸ¤ª https://t.co/7xZRfhk9un,2019-11-08 17:01:23,31,0,Caserta (nei dintorni)
ailuigiuliaa,Buoni sti biscotti #nutellabiscuits https://t.co/4S1aeDvkmK,2019-11-08 16:22:47,3,0,J O H N N Y D E P P 
chinoinoino,"Guardami guardami, irresistibile, non ci sono piÃ¹!!! ğŸ˜‹ ğŸ˜‹ ğŸ˜‹ ğŸ˜‹ ğŸ˜‹ #nutellabiscuits #nutella #lavitasadibuonoâ€¦ https://t.co/hFkdrZlhg7",2019-11-08 16:07:24,0,1, 
cheremone,"#nutellabiscuits provati, troppo dolciastri #sonovecchio",2019-11-08 15:02:40,0,0,
Italy_Gourmet,"https://t.co/SL2tl0VWgx #Cucina #ItalianRecipes

Se ami il #cioccolato, metti like: non mentire ğŸ˜‚#cioccolatoâ€¦ https://t.co/ZF5U59h1qd",2019-11-08 14:32:39,0,0,"Bologna, Emilia Romagna"
tutto_oki,"Non ho potuto resistere...ğŸ˜‹
#nutellabiscuits #nutellaâ™¥ï¸ https://t.co/uOQ6kmQ9Zq",2019-11-08 13:01:53,1,0,
FattoAlimentare,Nutella biscuits o Baiocchi? La guerra dei biscotti tra Ferrero e Barilla Ã¨ iniziata. Ma sarebbe meglio parlare diâ€¦ https://t.co/sn0OC0V0TX,2019-11-08 12:56:01,1,4,Milano
Svuotafrigo,"Se ami il #cioccolato, metti like: non mentire ğŸ˜‚

#cioccolato #chocolate #cucina #recipe #ricetta #cucinaitalianaâ€¦ https://t.co/9lQoNMbxpX",2019-11-08 10:30:17,0,0,"Napoli, Campania"
