screen_name,text,date,favorite_count,retweet_count,location
SaintMime,"RT @culturageek: Hoy 21hs hacemos #CulturaGeekTV con rese√±a sin spoilers de #TheMandalorian, #TheMorningShow y estrenamos el #MotoG8plus y‚Ä¶",2019-11-17 22:14:36,0,1,Horseshoe Overlook
TrinniLettieri,"RT @t23augusto: Hoy 21hs hacemos #CulturaGeekTV con rese√±a sin spoilers de #TheMandalorian, #TheMorningShow y estrenamos el #MotoG8plus y p‚Ä¶",2019-11-17 21:38:50,0,1,Buenos Aires
culturageek,"Hoy 21hs hacemos #CulturaGeekTV con rese√±a sin spoilers de #TheMandalorian, #TheMorningShow y estrenamos el‚Ä¶ https://t.co/kCU2mXPUKo",2019-11-17 21:34:04,0,1,Buenos Aires
t23augusto,"Hoy 21hs hacemos #CulturaGeekTV con rese√±a sin spoilers de #TheMandalorian, #TheMorningShow y estrenamos el‚Ä¶ https://t.co/8E2i4ydo5A",2019-11-17 21:33:34,0,1,Buenos Aires
rafahMendesPi,Bom domingo para todos! Que Deus nos aben√ßoe! #motog8plus #Motorola #MotorolaRAZR2019 #minasshopping https://t.co/HtwUba6Of3,2019-11-17 17:20:49,0,0,"Belo Horizonte, Minas Gerais"
iammarting1,RT @MotorolaESP: Porque hoy no es un domingo cualquiera ¬°Hoy es domingo de carrera! üö¶üèç Todo listo para vivir la jornada final de #ValenciaG‚Ä¶,2019-11-17 13:40:59,0,1,"Buenos Aires, Argentina"
MotorolaESP,"As√≠ de bien lo estamos pasando por aqu√≠ üòÅEstamos seguros de que hoy ser√° una experiencia inolvidable, ¬øverdad Krono‚Ä¶ https://t.co/3kBPjx6PCD",2019-11-17 10:08:01,8,0,Espa√±a
MotorolaESP,Porque hoy no es un domingo cualquiera ¬°Hoy es domingo de carrera! üö¶üèç Todo listo para vivir la jornada final de‚Ä¶ https://t.co/imZ0sCBfQW,2019-11-17 08:36:40,6,1,Espa√±a
wallir2003,"RT @motorola_AR: Luz, c√°mara‚Ä¶ ¬°acci√≥n! Film√° vertical, reproduc√≠ horizontal. No te pierdas nada con tu nuevo #motog8plus ‚ú® https://t.co/UpH‚Ä¶",2019-11-17 00:26:50,0,2,
stocco_jose,RT @motorolaindia: Get sharper photos &amp; videos in any light with the 48 MP Quad Pixel camera system with Night Vision mode. #DontMissAThing‚Ä¶,2019-11-16 15:17:46,0,16,"Belo Horizonte, Brasil"
jonki1980,@tescomobile I am wondering if you plan to bring the Moto g8 as an option as you have with Moto g7 phone.  I know i‚Ä¶ https://t.co/eCTVhpOATl,2019-11-16 14:57:32,0,0,"Bristol, England"
AGR2018,#motog8plus nadie me puede explicar si el modelo en venta en Argentina posee funcion NFC? segun explicacion tecnica‚Ä¶ https://t.co/yhfr8my44A,2019-11-16 14:57:01,0,0,
Alequemera73,"RT @motorola_AR: Luz, c√°mara‚Ä¶ ¬°acci√≥n! Film√° vertical, reproduc√≠ horizontal. No te pierdas nada con tu nuevo #motog8plus ‚ú® https://t.co/UpH‚Ä¶",2019-11-16 14:51:23,0,2,
motorola_AR,"Luz, c√°mara‚Ä¶ ¬°acci√≥n! Film√° vertical, reproduc√≠ horizontal. No te pierdas nada con tu nuevo #motog8plus ‚ú® https://t.co/UpHOTaFoSw",2019-11-16 14:50:00,16,2,Argentina
LvrFox,RT @MotorolaESP: ¬°Es el momento de capturar hasta el m√°s m√≠nimo detalle! Siempre con #MotoG8Plus ¬°Mira como fue nuestro primer d√≠a! üòçüèçüí®IN C‚Ä¶,2019-11-16 11:15:29,0,1,Kyoto city Japan
MotorolaESP,¬°Es el momento de capturar hasta el m√°s m√≠nimo detalle! Siempre con #MotoG8Plus ¬°Mira como fue nuestro primer d√≠a!‚Ä¶ https://t.co/s1t0YpZdGQ,2019-11-16 11:12:57,6,1,Espa√±a
MotorolaESP,"üö¶3, 2, 1.... üí® No nos queremos perder la √∫ltima puesta a punto de @petrux9 antes de la carrera üôå@DucatiMotor‚Ä¶ https://t.co/q4ihj4s8rd",2019-11-16 10:05:31,2,0,Espa√±a
th3w0rldi5y0ur5,RT @MotorolaESP: ¬øPuede estar kronometrillo m√°s feliz? ü§î Nuestro influencer es un apasionado de las motos y fan n√∫mero de uno de @DucatiMot‚Ä¶,2019-11-16 07:20:08,0,1,
Leandro64705128,@MotorolaBR me ajuda por favor!!! Troco meu Motorola G7plus pelo #motog8plus ou #motorolaonezoom,2019-11-16 06:01:34,1,0,"Nova Friburgo, Brasil"
iaryanagnihotri,"@motorolaindia Please fix the wide angle camera issue with a software update and make it available for pictures as well, in #MotoG8Plus.",2019-11-15 21:45:56,0,0,dil aur duniya ke beech 
MrChaHunter,"RT @Motorola_col: @ArqcarBettin Hola, puedes encontrar nuestro nuevo #MotoG8Plus en los almacenes Alkosto, √âxito, Falabella y el operador M‚Ä¶",2019-11-15 19:59:07,0,1,"Bogot√°, D.C., Colombia"
Akkichins,@motorolaindia What's the actual aperture of the #motog8plus main 48MP cam? Different number on different place.,2019-11-15 19:30:11,0,0,"Trivandrum, India"
MotorolaESP,¬øPuede estar kronometrillo m√°s feliz? ü§î Nuestro influencer es un apasionado de las motos y fan n√∫mero de uno de‚Ä¶ https://t.co/riUzITdYgw,2019-11-15 18:12:57,2,1,Espa√±a
droideChilango,"#motog8plus #AmazonBuenFin #BuenFin2019 #lotienetodo un dise√±o renovado, action cam , camara de 48mp, sensor de pro‚Ä¶ https://t.co/8MS00NM2r3",2019-11-15 18:07:33,1,0,CDMX
Motorola_col,"@ArqcarBettin üìç Aqu√≠ encontrar√°s mayor informaci√≥n sobre el nuevo #MotoG8Plus https://t.co/YCHDhgaph4

Gracias por‚Ä¶ https://t.co/Wg55VOAdgB",2019-11-15 16:06:06,2,0,Colombia
Motorola_col,"@ArqcarBettin Hola, puedes encontrar nuestro nuevo #MotoG8Plus en los almacenes Alkosto, √âxito, Falabella y el oper‚Ä¶ https://t.co/Sh1yFs8xzF",2019-11-15 16:06:02,3,1,Colombia
MotorolaESP,"Hello @MotoGP , nuestros ganadores del concurso ya est√°n en #ValenciaGP y han tenido la oportunidad de conocer al e‚Ä¶ https://t.co/nJAT6pMpK7",2019-11-15 16:05:42,5,0,Espa√±a
MotorolaESP,¬°Despegamos @ducati ! üöÄüöÄ @petrux9 y @andreadovizioso ser√°n los encargados de llevar consigo @motorola_esp durante l‚Ä¶ https://t.co/YI07VHPF7K,2019-11-15 13:38:33,0,0,Espa√±a
jvinodh_vino,"RT @motorolaindia: Capture it all in one frame so you #DontMissAThing with the all-new #motog8plus.
With an ultra-wide action cam, you can‚Ä¶",2019-11-15 10:51:57,0,21,
jvinodh_vino,RT @motorolaindia: #DontMissAThing when it comes to entertainment! Lose yourself in your music and bring your movies to life with stereo sp‚Ä¶,2019-11-15 10:51:50,0,22,
jvinodh_vino,RT @motorolaindia: Get sharper photos &amp; videos in any light with the 48 MP Quad Pixel camera system with Night Vision mode. #DontMissAThing‚Ä¶,2019-11-15 10:51:41,0,16,
luismi_cr7,"RT @Camo__Oficial: Estos son los precios de los nuevos miembros de la familia 
@Motorola_col ... bueno, ya se en que gastarme la prima navi‚Ä¶",2019-11-15 00:58:48,0,8,PASTO COLOMBIA
TDigitalCol,Motorola present√≥ su generaci√≥n Moto G en Colombia @Motorola_col #HelloMoto #Motog8Plus #tecnologia #moviles‚Ä¶ https://t.co/3qZORJ3Hdx,2019-11-14 22:30:34,0,0,"Bogot√°, D.C., Colombia"
GlaucoPortela,RT @MotorolaBR: Acredite: chegou a fam√≠lia Moto G8. Tudo novo para voc√™ n√£o perder nada. #MotoG8Plus #MotoG8Play https://t.co/fJ2BGwcNvx,2019-11-14 21:04:38,0,35,
GlobalConsume,"No te puedes perder del #unboxing del nuevo #MotoG8Plus de @MotorolaMX üôÇ
üëâhttps://t.co/nEhyE8sHZO https://t.co/GRhIKFBtQC",2019-11-14 20:52:04,1,0,"Distrito Federal, M√©xico"
Motorola_col,"@mauricio2990 Hola Mauricio, te informamos que el nuevo #MotoG8Plus cuenta con 4GB de memoria RAM y 64GB de almacen‚Ä¶ https://t.co/ybCzizKw1d",2019-11-14 20:23:44,1,0,Colombia
Motorola_col,"@majedracul19 üìç Aqu√≠ encontrar√°s mayor informaci√≥n sobre el nuevo #MotoG8Plus https://t.co/YCHDhgaph4

Gracias por‚Ä¶ https://t.co/wGjxvB0kWm",2019-11-14 20:20:39,0,0,Colombia
Motorola_col,"@majedracul19 Hola, puedes encontrar nuestro nuevo #MotoG8Plus en los almacenes Alkosto, √âxito, Falabella y el oper‚Ä¶ https://t.co/ah5gs659WL",2019-11-14 20:20:36,0,0,Colombia
Motorola_col,"@JorgeLuisv0321 @Kata94_ Hola Jorge Luis, te informamos que el nuevo #MotoG8Plus cuenta con 4GB de memoria RAM y 64‚Ä¶ https://t.co/GTQJG7Td5P",2019-11-14 20:14:39,0,0,Colombia
tecnocat01,"Me ha encantado el Moto G8 Plus en dise√±o, color como ergon√≥mia .
@motorola_mx 
#motog8plus #motog8 #hellomoto https://t.co/v0dwbJ1m8N",2019-11-14 20:11:51,3,0,"Distrito Federal, M√©xico"
Alequemera73,"RT @FuriousGamingLA: Estamos en el evento de @motorola_AR viviendo la experiencia de los nuevos equipos:

#motoe6play
#motog8plus
#motog8pl‚Ä¶",2019-11-14 19:59:38,0,8,
Alequemera73,"RT @motorola_AR: ¬°Se agrand√≥ la familia #motog8! Llegaron los nuevos #motog8plus y #motog8play, con sistema de triple c√°mara ‚ö° https://t.co‚Ä¶",2019-11-14 19:59:03,0,11,
JuanJMorell,RT @RandomAccessOk: #Mobile #Smartphones @motorola_AR anunci√≥ la llegada a nuestro pa√≠s de: #MotoG8Play  #MotoG8Plus #MotoE6Play y #Motorol‚Ä¶,2019-11-14 19:30:35,0,1,
RandomAccessOk,#Mobile #Smartphones @motorola_AR anunci√≥ la llegada a nuestro pa√≠s de: #MotoG8Play  #MotoG8Plus #MotoE6Play y‚Ä¶ https://t.co/3D4O6B82xp,2019-11-14 19:30:00,1,1,Argentina
hylamobile,"The #MotoG8Plus‚Äô biggest strength is how usable it is on a day-to-day basis, which has a lot to do with the small a‚Ä¶ https://t.co/18vzszdNCU",2019-11-14 19:03:00,0,0,Global
iam_BillyNunez,"Y ahora, sali√≥ el #MotoG8Plus y yo con el #motog7 üòÖüòÖüòÖüòÖ",2019-11-14 19:02:43,1,0,"Santa Marta, Colombia"
tweetykwiatka,"Motorola Moto G8 Plus - test smartfonu, kt√≥ry musi stawiƒá czo≈Ça udanej serii Motorola One
#motorola #motog8plus‚Ä¶ https://t.co/pHRAV5ucej",2019-11-14 16:36:43,0,0,
SauloDias,RT @MotorolaBR: Acredite: chegou a fam√≠lia Moto G8. Tudo novo para voc√™ n√£o perder nada. #MotoG8Plus #MotoG8Play https://t.co/fJ2BGwcNvx,2019-11-14 16:10:21,0,35,"S√£o Paulo, Brasil"
cristian99Sb,#MotoG8Plus  que hermoso equipo üíï,2019-11-14 15:50:01,0,0,(bogota)colombia
Motorola_col,RT @Kata94_: @Motorola_col Que tu #MotoG8Plus sea m√°s r√°pido y su bater√≠a dure 2 d√≠as es lo mejor que han podido hacer. Soy una #FanFeliz.‚Ä¶,2019-11-14 15:38:34,0,1,Colombia
shannonblue7,Quiero el #motog8plus. $24000 ? Que se vayan al diablo https://t.co/yEcnKJKPX4,2019-11-14 12:05:30,3,0,"Tigre, Argentina"
TudoCelular,"Quem voc√™ acha que tem o melhor celular, #Motorola ou #Xiaomi?! Descubra agora! üòÅüì±üÜöüì± #MotoG8Plus #MiA3
https://t.co/u5F7PCkqwf",2019-11-14 11:51:30,7,0,S√£o Paulo
RandomAccessOk,#Mobile #Smartphones @motorola_AR anunci√≥ la llegada a nuestro pa√≠s de: #MotoG8Play  #MotoG8Plus #MotoE6Play y‚Ä¶ https://t.co/1ZPKyZTOmK,2019-11-14 11:30:00,0,1,Argentina
Basanthabc,"RT @gizbot: Moto G8 Plus: Top 5 Features You Should Know #MotoG8Plus @motorolaindia
https://t.co/0yMkvhsPxZ",2019-11-14 10:58:26,0,1,India
ariefnga,"Credit to from motorola_fans (@get_regrann)  -  #Motorola Razr 2019 Generation üî•
.
.
.
.

#razr #motorola‚Ä¶ https://t.co/VUwhJb7CVY",2019-11-14 10:52:12,0,0,Kemang 
ChhetriVivek,"RT gizbot ""Moto G8 Plus: Top 5 Features You Should Know #MotoG8Plus motorolaindia
https://t.co/HxAQ2qxQYd""",2019-11-14 09:44:13,0,0,India
gizbot,"Moto G8 Plus: Top 5 Features You Should Know #MotoG8Plus @motorolaindia
https://t.co/0yMkvhsPxZ",2019-11-14 09:30:00,2,1,
iammarting1,"RT @motorolaindia: The all-new #motog8plus is going on sale tomorrow at 12 PM. üïõ
Make sure you #DontMissAThing with the class-leading 48MP‚Ä¶",2019-11-13 23:53:23,0,30,"Buenos Aires, Argentina"
iammarting1,"RT @motorolaindia: Capture it all in one frame so you #DontMissAThing with the all-new #motog8plus.
With an ultra-wide action cam, you can‚Ä¶",2019-11-13 23:53:07,0,21,"Buenos Aires, Argentina"
iammarting1,RT @motorolaindia: #DontMissAThing when it comes to entertainment! Lose yourself in your music and bring your movies to life with stereo sp‚Ä¶,2019-11-13 23:52:44,0,22,"Buenos Aires, Argentina"
iammarting1,RT @motorolaindia: Get sharper photos &amp; videos in any light with the 48 MP Quad Pixel camera system with Night Vision mode. #DontMissAThing‚Ä¶,2019-11-13 23:52:31,0,16,"Buenos Aires, Argentina"
PCWorldMexico,"#motog8plus y el #motog8play: Precios en M√©xico con AT&amp;T

---&gt;https://t.co/ykCfvlEldo https://t.co/TRfmVdT8X4",2019-11-13 22:44:12,0,0,M√©xico
RandomAccessOk,#Mobile #Smartphones @motorola_AR anunci√≥ la llegada a nuestro pa√≠s de: #MotoG8Play  #MotoG8Plus #MotoE6Play y‚Ä¶ https://t.co/lZ4v0bKnhm,2019-11-13 20:30:00,0,1,Argentina
marceformulauno,"RT @motorola_AR: ¬°Se agrand√≥ la familia #motog8! Llegaron los nuevos #motog8plus y #motog8play, con sistema de triple c√°mara ‚ö° https://t.co‚Ä¶",2019-11-13 19:46:06,0,11,argentina
gamingcoffeeok,"Motorola presento la nueva familia g8, el moto e6 play y el motorola one macro

#Presentaci√≥n #Evento #Motorola‚Ä¶ https://t.co/X3PaQK5dwX",2019-11-13 19:01:55,0,0,"Buenos Aires, Argentina"
VitoAballay,@MotorolaCL ¬°Hola! ¬øVa a llegar el #MotoG8Plus a Chile? ¬øY aprox. cu√°ndo ser√≠a?,2019-11-13 17:16:41,0,0,"Valpara√≠so, Chile"
maxipace_,"#MotoG8Plus
@rvf400_nc35_v4 https://t.co/aLW1gTij8Z",2019-11-13 16:37:13,2,0,"La Plata, Argentina"
iammarting1,"RT @FuriousGamingLA: Estamos en el evento de @motorola_AR viviendo la experiencia de los nuevos equipos:

#motoe6play
#motog8plus
#motog8pl‚Ä¶",2019-11-13 15:54:07,0,8,"Buenos Aires, Argentina"
iammarting1,"RT @motorola_AR: ¬°Se agrand√≥ la familia #motog8! Llegaron los nuevos #motog8plus y #motog8play, con sistema de triple c√°mara ‚ö° https://t.co‚Ä¶",2019-11-13 15:53:54,0,11,"Buenos Aires, Argentina"
Ravikir53063068,"RT @motorolaindia: The all-new #motog8plus is going on sale tomorrow at 12 PM. üïõ
Make sure you #DontMissAThing with the class-leading 48MP‚Ä¶",2019-11-13 13:40:31,0,30,
RadioABCMundial,"RT @ABCMundial: Motorola present√≥ en Argentina sus nuevos #smartphone smartphone Moto G8 Plus, Moto G8 Play, Moto One Macro y Moto E6 Play.‚Ä¶",2019-11-13 12:03:54,0,1, Bs.As/Barcelona/NYC
ABCMundial,"Motorola present√≥ en Argentina sus nuevos #smartphone smartphone Moto G8 Plus, Moto G8 Play, Moto One Macro y Moto‚Ä¶ https://t.co/P6djM0jDQr",2019-11-13 10:43:18,1,1,Buenos Aires/Barcelona/NYC
ABCMundial,"Motorola present√≥ en Argentina sus nuevos #smartphone smartphone Moto G8 Plus, Moto G8 Play, Moto One Macro y Moto‚Ä¶ https://t.co/GeWkUHfgGN",2019-11-13 10:42:20,1,1,Buenos Aires/Barcelona/NYC
imrajeshkusingh,#Moto G8 Plus Review : Stunning Performance Under Budget https://t.co/wZ6FjtjkeW  #motoG8plus  #motoG8review #technology #mobilereview,2019-11-13 10:12:49,1,0,India
MashableIndia,"The #MotoG8Plus brings sweeping changes in terms of design, internals, and the camera modules, ticking all the chec‚Ä¶ https://t.co/9CgQ4Klait",2019-11-13 10:00:17,0,0,
Subir_RanjanDas,"Moto G8, 100% Leaked Video
https://t.co/3rRXuea6H9
#motog8 #motog8plus #motog8play #snapdragon665üíΩ #48mpcamera‚Ä¶ https://t.co/Di4k6NzW1E",2019-11-13 09:32:05,0,0,"bhilai, chhattisgarh"
MrChaHunter,RT @Motorola_col: #ExperienciasMoto Ent√©rate de todo lo que la nueva generaci√≥n de la familia Moto G trae para ti con el nuevo #MotoG8Plus‚Ä¶,2019-11-13 09:00:42,0,5,"Bogot√°, D.C., Colombia"
mjmediahub,"https://t.co/pfXuVGHsXV 
MOTO G8 Plus 
Full camera Review
Video Stabilisation Test Samples Included 
Rs.13,999 /-‚Ä¶ https://t.co/iOviDDEbBk",2019-11-13 07:22:20,0,0,
OnlyGamesLat,"Motorola lanz√≥ #MotoOne Macro, #MotoE6Play y los #MotoG8Plus y G8 Play en Argentina https://t.co/pHpuCcAewj https://t.co/EuUkZsjBim",2019-11-13 02:02:28,0,0,
maqni,"Con este equipo de diosas compartimos este #eventazo @motorola_ar son periplus_ba en acci√≥n üëèüëè
Lanzamiento de ::‚Ä¶ https://t.co/yN3NFeMPou",2019-11-13 01:50:10,0,0,Ciudad Aut√≥noma de Buenos Aire
BatCABJ,Llego la triple camara a la familia #motog #motog8play #motog8plus #hellomoto https://t.co/zDvY1FWJ0l,2019-11-13 01:01:25,0,0,Republica de la Boca
Camilo_Hatake,RT @Motorola_col: #ExperienciasMoto Ent√©rate de todo lo que la nueva generaci√≥n de la familia Moto G trae para ti con el nuevo #MotoG8Plus‚Ä¶,2019-11-13 00:10:48,0,5,
openaddictionmx,Moto g8 plus de @MotorolaMX es el primer dispositivo de la familia #MotoG en ofrecer sistema de triple c√°mara‚Ä¶ https://t.co/eLb576BIIH,2019-11-13 00:10:35,0,0,
carlosa26444716,RT @Motorola_col: #ExperienciasMoto Ent√©rate de todo lo que la nueva generaci√≥n de la familia Moto G trae para ti con el nuevo #MotoG8Plus‚Ä¶,2019-11-13 00:08:03,0,5,Cucuta los patios
Motorola_col,#ExperienciasMoto Ent√©rate de todo lo que la nueva generaci√≥n de la familia Moto G trae para ti con el nuevo‚Ä¶ https://t.co/p1FW21q9Hu,2019-11-13 00:01:07,16,5,Colombia
mividapositiva,"Hello Moto!ü§≥
A semanas de su lanzamiento global, @motorola_AR presenta en Argentina su nuevo portafolio:‚Ä¶ https://t.co/3UyHmXcYEC",2019-11-12 23:54:27,0,0,"Buenos Aires, Argentina"
gonzaloenfoque,"Motorola presenta en Colombia la nueva generaci√≥n de moto g, motorola one macro y moto e6 play @Motorola_col‚Ä¶ https://t.co/xNONVmjPWd",2019-11-12 23:12:38,1,0,Bogot√°-Colombia
BitWares,"Seguimos con el @motorola_ar #motog8plus, el cual cuenta con chipset Snapdragon 665 (11nm), 4 GB de RAM, 64 GB ROM‚Ä¶ https://t.co/PfLJh5vTwC",2019-11-12 22:16:09,0,0,"Buenos Aires, Argentina"
Kata94_,@Motorola_col Que tu #MotoG8Plus sea m√°s r√°pido y su bater√≠a dure 2 d√≠as es lo mejor que han podido hacer. Soy una #FanFeliz. #MeEncanta. üòç,2019-11-12 22:04:38,5,1,Colombia
kissesicheng,"#„Åï„Çâ„Åñ„Çì„Åæ„ÅÑ
#Î≥ÄÌôîÏùò_ÏãúÏûëÏù¥_ÎêòÏûê
#„Åæ„ÅÑ„Çä„Åæ„Åó„ÅüÂÖ•Èñì„Åè„Çì
#„ÇÄ„Åã„ÅÑ„ÅÆÂñã„ÇäÊñπ
#„Åã„Çè„ÅÑ„ÅÑ
#MotoG8Plus
#iPhone
https://t.co/vYo6FOELyx",2019-11-12 21:46:00,0,0,ggs + wayv n nct.
won__nyo,"#„Åï„Çâ„Åñ„Çì„Åæ„ÅÑ
#Î≥ÄÌôîÏùò_ÏãúÏûëÏù¥_ÎêòÏûê
#„Åæ„ÅÑ„Çä„Åæ„Åó„ÅüÂÖ•Èñì„Åè„Çì
#„ÇÄ„Åã„ÅÑ„ÅÆÂñã„ÇäÊñπ
#„Åã„Çè„ÅÑ„ÅÑ
#MotoG8Plus
#iPhone
https://t.co/C49xka4z8R",2019-11-12 21:42:54,0,0,rv
henhyuck1,"#„Åï„Çâ„Åñ„Çì„Åæ„ÅÑ
#Î≥ÄÌôîÏùò_ÏãúÏûëÏù¥_ÎêòÏûê
#„Åæ„ÅÑ„Çä„Åæ„Åó„ÅüÂÖ•Èñì„Åè„Çì
#„ÇÄ„Åã„ÅÑ„ÅÆÂñã„ÇäÊñπ
#„Åã„Çè„ÅÑ„ÅÑ
#MotoG8Plus
#iPhone https://t.co/ra7JqspyMo",2019-11-12 21:41:50,0,0,
jeon_ngin,"#„Åï„Çâ„Åñ„Çì„Åæ„ÅÑ
#Î≥ÄÌôîÏùò_ÏãúÏûëÏù¥_ÎêòÏûê
#„Åæ„ÅÑ„Çä„Åæ„Åó„ÅüÂÖ•Èñì„Åè„Çì
#„ÇÄ„Åã„ÅÑ„ÅÆÂñã„ÇäÊñπ
#„Åã„Çè„ÅÑ„ÅÑ
#MotoG8Plus
#iPhone

https://t.co/Khpsa5Axdm",2019-11-12 21:37:15,0,0,
__wonjin,"#„Åï„Çâ„Åñ„Çì„Åæ„ÅÑ
#Î≥ÄÌôîÏùò_ÏãúÏûëÏù¥_ÎêòÏûê
#„Åæ„ÅÑ„Çä„Åæ„Åó„ÅüÂÖ•Èñì„Åè„Çì
#„ÇÄ„Åã„ÅÑ„ÅÆÂñã„ÇäÊñπ
#„Åã„Çè„ÅÑ„ÅÑ
#MotoG8Plus
#iPhone

https://t.co/XeamFq6ynL",2019-11-12 21:37:03,0,0,
j6nkyu,"#„Åï„Çâ„Åñ„Çì„Åæ„ÅÑ
#Î≥ÄÌôîÏùò_ÏãúÏûëÏù¥_ÎêòÏûê
#„Åæ„ÅÑ„Çä„Åæ„Åó„ÅüÂÖ•Èñì„Åè„Çì
#„ÇÄ„Åã„ÅÑ„ÅÆÂñã„ÇäÊñπ
#„Åã„Çè„ÅÑ„ÅÑ
#MotoG8Plus
#iPhone

https://t.co/j1ifzLI2UY",2019-11-12 21:36:51,0,0,
y6juns,"#„Åï„Çâ„Åñ„Çì„Åæ„ÅÑ
#Î≥ÄÌôîÏùò_ÏãúÏûëÏù¥_ÎêòÏûê
#„Åæ„ÅÑ„Çä„Åæ„Åó„ÅüÂÖ•Èñì„Åè„Çì
#„ÇÄ„Åã„ÅÑ„ÅÆÂñã„ÇäÊñπ
#„Åã„Çè„ÅÑ„ÅÑ
#MotoG8Plus
#iPhone

https://t.co/O1529tBIkG",2019-11-12 21:36:41,0,0,
n6jire,"#„Åï„Çâ„Åñ„Çì„Åæ„ÅÑ
#Î≥ÄÌôîÏùò_ÏãúÏûëÏù¥_ÎêòÏûê
#„Åæ„ÅÑ„Çä„Åæ„Åó„ÅüÂÖ•Èñì„Åè„Çì
#„ÇÄ„Åã„ÅÑ„ÅÆÂñã„ÇäÊñπ
#„Åã„Çè„ÅÑ„ÅÑ
#MotoG8Plus
#iPhone

https://t.co/26PAmAGNEJ",2019-11-12 21:36:27,0,0,
shuriken_starz,"RT @ScontrinoFelice: #Concorso gratuito #Motorola ""Never Miss a Thing"": vinci 10 smartphone #MotoG8Plus https://t.co/dvzwP09myv https://t.c‚Ä¶",2019-11-12 20:27:08,0,2,"Milano, Lombardia"
Eva_Starz,"RT @ScontrinoFelice: #Concorso gratuito #Motorola ""Never Miss a Thing"": vinci 10 smartphone #MotoG8Plus https://t.co/dvzwP09myv https://t.c‚Ä¶",2019-11-12 20:26:52,0,2,Milano
nachopan,"RT @MotoHey: Moto G8 Plus y Moto G8 Play, disponibles en Argentina: diferencias, precios
https://t.co/bF4bGoQGdy #MotoG8Plus #MotoG8Play #M‚Ä¶",2019-11-12 20:04:43,0,1,"Buenos Aires, Olivos"
ScontrinoFelice,"#Concorso gratuito #Motorola ""Never Miss a Thing"": vinci 10 smartphone #MotoG8Plus https://t.co/dvzwP09myv https://t.co/1ZQp5hoL09",2019-11-12 19:57:50,0,2,Italia
roxanasuncho,"RT @motorola_AR: ¬°Se agrand√≥ la familia #motog8! Llegaron los nuevos #motog8plus y #motog8play, con sistema de triple c√°mara ‚ö° https://t.co‚Ä¶",2019-11-12 19:39:14,0,11,
AntonioNGros,"RT @motorola_AR: ¬°Se agrand√≥ la familia #motog8! Llegaron los nuevos #motog8plus y #motog8play, con sistema de triple c√°mara ‚ö° https://t.co‚Ä¶",2019-11-12 19:09:31,0,11,
TechPlusArg,"Hoy estuvimos en el evento de Motorola, en cual se present√≥ el moto e6 play, moto one macro, moto g8 play y el plus‚Ä¶ https://t.co/floRm6HX9g",2019-11-12 19:02:43,2,0,Argenti
wallir2003,"RT @motorola_AR: ¬°Se agrand√≥ la familia #motog8! Llegaron los nuevos #motog8plus y #motog8play, con sistema de triple c√°mara ‚ö° https://t.co‚Ä¶",2019-11-12 18:54:00,0,11,
MotoHey,"Moto G8 Plus y Moto G8 Play, disponibles en Argentina: diferencias, precios
https://t.co/bF4bGoQGdy #MotoG8Plus‚Ä¶ https://t.co/uf1RgpuyU3",2019-11-12 18:22:32,1,1,
_Josh_justJosh,@MotorolaSupport When will the #MotoG8Plus get #Android10?,2019-11-12 18:19:27,0,0,"Bedfordshire, UK, Europe"
jamfruu,"RT @FuriousGamingLA: Nuestros amigos de @motorola_AR hicieron el lanzamiento en Argentina üá¶üá∑ de sus √∫ltimos 4 equipos:

#MotoE6Play
#MotoG8‚Ä¶",2019-11-12 18:05:01,0,3,Ciudad Aut√≥noma de Buenos Aire
fariasmari,RT @InversorLATAM: Nueva familia de #motog el #motog8plus y #motog8play la familia m√°s querida de @motorola_AR @fariasmari https://t.co/Ngh‚Ä¶,2019-11-12 18:02:52,0,1,Argentina
fariasmari,RT @InversorLATAM: En Buenos Aires @motorola_AR presenta #motog8plus Y 3 modelos m√°s @fariasmari https://t.co/iTkri4dyDK,2019-11-12 18:02:45,0,1,Argentina
9Sparkk,"RT @FuriousGamingLA: Nuestros amigos de @motorola_AR hicieron el lanzamiento en Argentina üá¶üá∑ de sus √∫ltimos 4 equipos:

#MotoE6Play
#MotoG8‚Ä¶",2019-11-12 18:01:23,0,3,"Buenos Aires, Argentina"
TheFuriousFAN,"RT @FuriousGamingLA: Nuestros amigos de @motorola_AR hicieron el lanzamiento en Argentina üá¶üá∑ de sus √∫ltimos 4 equipos:

#MotoE6Play
#MotoG8‚Ä¶",2019-11-12 17:55:27,0,3,Argentina
FuriousGamingLA,"Nuestros amigos de @motorola_AR hicieron el lanzamiento en Argentina üá¶üá∑ de sus √∫ltimos 4 equipos:

#MotoE6Play‚Ä¶ https://t.co/838UsUyeCN",2019-11-12 17:52:15,19,3,"Buenos Aires, Argentina"
motorola_AR,"¬°Se agrand√≥ la familia #motog8! Llegaron los nuevos #motog8plus y #motog8play, con sistema de triple c√°mara ‚ö° https://t.co/ia46zqbyZM",2019-11-12 17:38:52,65,11,Argentina
TelekomSK,"Po #MotoG8Play a #MotoG8Plus sa bl√≠≈æi predstavenie #MotoG8 - tretieho z√°stupcu rodiny G8 od #Motorola.

https://t.co/orKjG5YkF1",2019-11-12 17:00:06,0,0,"Bratislava, Slovakia"
TheFuriousFAN,"RT @FuriousGamingLA: Estamos en el evento de @motorola_AR viviendo la experiencia de los nuevos equipos:

#motoe6play
#motog8plus
#motog8pl‚Ä¶",2019-11-12 16:55:04,0,8,Argentina
wallir2003,"RT @FuriousGamingLA: Estamos en el evento de @motorola_AR viviendo la experiencia de los nuevos equipos:

#motoe6play
#motog8plus
#motog8pl‚Ä¶",2019-11-12 16:36:57,0,8,
hmarmol,"#motog8plus
üì∑Sensor de 3 c√°maras: el principal es de  48 MP con tecnolog√≠a quad pixel, autofoco l√°ser y una action‚Ä¶ https://t.co/3Upcela22C",2019-11-12 16:22:36,8,0,
motorola_AR,"RT @FuriousGamingLA: Estamos en el evento de @motorola_AR viviendo la experiencia de los nuevos equipos:

#motoe6play
#motog8plus
#motog8pl‚Ä¶",2019-11-12 16:06:11,0,8,Argentina
Aguila2212,RT @tecnogaming: @motorola_ar lanza su nueva l√≠nea de #smartphones #motog8 #motog8plus #motorolaonemacro #motoe6play con muchas caracter√≠st‚Ä¶,2019-11-12 16:02:34,0,1,Argentina
tecnogaming,@motorola_ar lanza su nueva l√≠nea de #smartphones #motog8 #motog8plus #motorolaonemacro #motoe6play con muchas cara‚Ä¶ https://t.co/fqY8ycP1Hz,2019-11-12 15:53:47,0,1,Buenos Aires & San Luis
culturageek,Asi es el @motorola_AR #MotoG8plus el tope de gama de la familia G https://t.co/mA4UelVKq2,2019-11-12 15:49:34,6,0,Buenos Aires
t23augusto,Asi es el @motorola_AR #Motog8plus el tope de la l√≠nea #MotoG https://t.co/FwTQwc3lkG,2019-11-12 15:48:44,1,0,Buenos Aires
alanSAH,"RT @FuriousGamingLA: Estamos en el evento de @motorola_AR viviendo la experiencia de los nuevos equipos:

#motoe6play
#motog8plus
#motog8pl‚Ä¶",2019-11-12 15:48:26,0,8,Argentina
EduAguirre,El #MotoG8Plus de @motorola_ar integra Action Cam üëèüèªüëèüèªüëèüèª https://t.co/r9kYaOkEw0 https://t.co/TJVer4W5As,2019-11-12 15:47:53,0,0,"C√≥rdoba, Argentina"
manuelsere,"RT @FuriousGamingLA: Estamos en el evento de @motorola_AR viviendo la experiencia de los nuevos equipos:

#motoe6play
#motog8plus
#motog8pl‚Ä¶",2019-11-12 15:47:38,0,8,"Buenos Aires, Argentina"
FGJester_,"RT @FuriousGamingLA: Estamos en el evento de @motorola_AR viviendo la experiencia de los nuevos equipos:

#motoe6play
#motog8plus
#motog8pl‚Ä¶",2019-11-12 15:43:58,0,8,Argentina
FuriousGamingLA,"Estamos en el evento de @motorola_AR viviendo la experiencia de los nuevos equipos:

#motoe6play
#motog8plus‚Ä¶ https://t.co/lilWLwD0uj",2019-11-12 15:40:50,30,8,"Buenos Aires, Argentina"
diegodurruty,"Precios de los nuevos productos de @motorola_ar!!!
#motoe6plus familia #motog8 #motog8plus #motog8play #motorolaone‚Ä¶ https://t.co/VrVadAOorU",2019-11-12 15:21:46,0,0,"Buenos Aires, Argentina"
AmareshKumar7,"Still after grace return period expired, they haven't replaced the defective product they sold in rush sale.‚Ä¶ https://t.co/yN7tj2F0mY",2019-11-12 15:18:32,0,0,"Bengaluru, India"
maxifanelli,Se lanzan los #Motorola #MotoE6Play #MotoG8Play #MotoG8Plus y #MotorolaOneMacro @motorola_AR https://t.co/NZJtBaBnMx,2019-11-12 15:16:27,0,0,Ciudad Aut√≥noma de Buenos Aire
culturageek,"#smartphones / @motorola_ar 
PRECIOS!:
#motoe 10.999
#Motog8play 16.799
#MotoOnemacro $ 19.699
#MotoG8Plus $23.899 https://t.co/IQzkNe2tmm",2019-11-12 15:13:41,3,0,Buenos Aires
t23augusto,"#smartphones / @motorola_ar 
PRECIOS!:
#motoe 10.999
#Motog8play 16.799
#MotoOnemacro $ 19.699
#MotoG8Plus $23.899 https://t.co/ZZLhOleOB6",2019-11-12 15:13:33,0,0,Buenos Aires
BitWares,El #motog8plus cuenta con un sistema de 3 c√°maras con foco l√°ser y camara principal de 48 MP quad pixel. Tambi√©n cu‚Ä¶ https://t.co/POIIj1Tg6m,2019-11-12 15:12:56,0,0,"Buenos Aires, Argentina"
culturageek,"#smartphones / @motorola_ar el #MotoG8plus  se lanza con triple sensor de camaea, parlantes estereo Dolby, snapdrag‚Ä¶ https://t.co/xyMMRn4njS",2019-11-12 15:11:43,1,0,Buenos Aires
AmarViajarBlog,Los 4 lanzamientos de @motorola_AR de hoy! #motoe6play #motog8 #motog8plus #motog8play #motorolaone https://t.co/LY6mHeoIz0,2019-11-12 15:11:37,3,0,Ciudad Aut√≥noma de Buenos Aire
t23augusto,"#smartphones / @motorola_ar el #MotoG8plus  se lanza con triple sensor de camaea, parlantes estereo Dolby, snapdrag‚Ä¶ https://t.co/ZUH8e1aXDr",2019-11-12 15:11:35,0,0,Buenos Aires
InversorLATAM,Nueva familia de #motog el #motog8plus y #motog8play la familia m√°s querida de @motorola_AR @fariasmari https://t.co/Ngh8PJXitG,2019-11-12 15:09:07,1,1,Am√©rica Latina
blogdeviajes,El tope de gama del G8 es el #MotoG8plus con una c√°mara ultra angular que puede ser usada como action cam. Tiene es‚Ä¶ https://t.co/x5JIJMk4lk,2019-11-12 15:09:05,0,0,"Ciudad Aut√≥noma de Buenos Aires, Argentina"
culturageek,#smartphones / @motorola_ar presenta los nuevos  #Motog8plus y #Motog8play y el esperado #MotoOneMacro en Argentina. https://t.co/07S2XZOrlV,2019-11-12 14:54:31,1,0,Buenos Aires
t23augusto,#smartphones / @motorola_ar presenta los nuevos  #Motog8plus y #Motog8play y el esperado #MotoOneMacro en Argentina. https://t.co/K1g2UMsoAz,2019-11-12 14:54:20,1,0,Buenos Aires
InversorLATAM,En Buenos Aires @motorola_AR presenta #motog8plus Y 3 modelos m√°s @fariasmari https://t.co/iTkri4dyDK,2019-11-12 14:52:01,0,1,Am√©rica Latina
BitWares,Buenas! Estamos en el evento de presentaci√≥n de los nuevos @motorola_AR  #motoe6play #motog8play #motog8plus‚Ä¶ https://t.co/wmyg0ZVDiT,2019-11-12 14:51:16,0,0,"Buenos Aires, Argentina"
diegodurruty,"El d√≠a arranca con los amigos de @motorola_ar... 
#motoe6play familia #motog8 #motog8plus #motog8play #motorolaone‚Ä¶ https://t.co/Vc2KGWrt3P",2019-11-12 14:14:45,0,0,"Buenos Aires, Argentina"
anaoreilly,RT @AmarViajarBlog: Hoy evento de @motorola_AR! #motoe6play #motog8 #motog8plus #motog8play #motorolaone https://t.co/7fwktj3naI,2019-11-12 14:13:36,0,1,
AmarViajarBlog,Hoy evento de @motorola_AR! #motoe6play #motog8 #motog8plus #motog8play #motorolaone https://t.co/7fwktj3naI,2019-11-12 14:08:28,4,1,Ciudad Aut√≥noma de Buenos Aire
MrChaHunter,"RT @Motorola_col: Disfruta tus videos en tu #MotoG8Plus con la mejor calidad de sonido.

M√°s informaci√≥n aqu√≠ https://t.co/YCHDhgaph4 https‚Ä¶",2019-11-12 13:15:18,0,4,"Bogot√°, D.C., Colombia"
FerEstrellas,RT @areygadas: Anuncia @MotorolaMX y la disponibilidad del #motog8plus y el #motog8play en @ATTMx. https://t.co/bRlXMeIQHq,2019-11-12 12:06:06,0,1,Mexico City
tspn12,"Compare Motorola Moto G8 Plus Vs Samsung Galaxy A50: Design, Camera, Price and Other Specs #motog8plus #galaxya50‚Ä¶ https://t.co/g9bxIZThd8",2019-11-12 03:21:21,0,0,Riyadh
FERNANDOVELDI15,"RT @Motorola_col: Disfruta tus videos en tu #MotoG8Plus con la mejor calidad de sonido.

M√°s informaci√≥n aqu√≠ https://t.co/YCHDhgaph4 https‚Ä¶",2019-11-11 23:53:20,0,4,BARRANCABERMEJA (STDR)
pasionportodo,"RT @Motorola_col: Disfruta tus videos en tu #MotoG8Plus con la mejor calidad de sonido.

M√°s informaci√≥n aqu√≠ https://t.co/YCHDhgaph4 https‚Ä¶",2019-11-11 23:24:28,0,4,"CO, MX, AR, PTY, EC."
SIGNOMAGICTENIS,RT @droideChilango: #DiaDelSoltero  consiente con #motog8plus https://t.co/G6ZpCON8OR,2019-11-11 22:57:52,0,1,TODA COLOMBIA 
SIGNOMAGICTENIS,RT @droideChilango: #Felizdiadelsoltero #DiaDelSoltero #motog8plus consiente en tu d√≠a https://t.co/LaMOTNLYPw,2019-11-11 22:57:13,0,1,TODA COLOMBIA 
droideChilango,#Felizdiadelsoltero #DiaDelSoltero #motog8plus consiente en tu d√≠a https://t.co/LaMOTNLYPw,2019-11-11 22:54:04,1,1,CDMX
droideChilango,#DiaDelSoltero  consiente con #motog8plus https://t.co/G6ZpCON8OR,2019-11-11 22:52:07,0,1,CDMX
droideChilango,#motog8plus y la familia moto g lo puedes encontrar con el √≥perador ATT https://t.co/CS9HwVfksS,2019-11-11 22:40:48,0,0,CDMX
MotoHey,"Moto G8 Plus y Moto G8 Play, ahora con AT&amp;T en M√©xico: hasta 36 pagos
https://t.co/XBBp23Fjpu #MotoG8Plus‚Ä¶ https://t.co/9n1glM0e2P",2019-11-11 17:41:42,0,0,
areygadas,Anuncia @MotorolaMX y la disponibilidad del #motog8plus y el #motog8play en @ATTMx. https://t.co/bRlXMeIQHq,2019-11-11 17:32:57,2,1,M√©xico
METAXTAXIX,"RT @Motorola_col: Disfruta tus videos en tu #MotoG8Plus con la mejor calidad de sonido.

M√°s informaci√≥n aqu√≠ https://t.co/YCHDhgaph4 https‚Ä¶",2019-11-11 17:23:55,0,4,"Palmira, Colombia"
Motorola_col,"Disfruta tus videos en tu #MotoG8Plus con la mejor calidad de sonido.

M√°s informaci√≥n aqu√≠ https://t.co/YCHDhgaph4 https://t.co/BoiEeeeB7r",2019-11-11 17:22:01,27,4,Colombia
Caos_Na_Terra,RT @MotorolaBR: Acredite: chegou a fam√≠lia Moto G8. Tudo novo para voc√™ n√£o perder nada. #MotoG8Plus #MotoG8Play https://t.co/fJ2BGwcNvx,2019-11-11 15:08:07,0,35,
MultiMidiaInfo,#Motorola #MotoG8Plus - MultiMidia Info https://t.co/tb7TBiPhGd #MultiMidiaInfo via @MundoMSOficial,2019-11-11 04:10:38,0,0,Brasil
sumantsingh963,"The polycarbonate body looks good in cosmic blue color variants. Apart from this, there is also a crystal pink colo‚Ä¶ https://t.co/DpdKGOcIya",2019-11-11 03:50:19,0,0,"New Delhi, India"
KeishaAlice1,"#technolgy #Motorola #MotoG8Plus
Motorola Moto G8 Plus review: a battery boost for the budget king--‚Ä¶ https://t.co/906jsJNCBD",2019-11-10 18:05:59,0,0,
coolmuster,"#technolgy #Motorola #MotoG8Plus
Motorola Moto G8 Plus review: a battery boost for the budget king--‚Ä¶ https://t.co/JMB2ziR9de",2019-11-10 18:04:59,0,0,United States
ventadroid,"Ÿáÿßÿ™ŸÅŸä #MotoG8Plus Ÿà #MotoE6Play Ÿäÿ£ÿ™ŸäÿßŸÜ ŸÖÿπ ÿ£ŸÜÿØÿ±ŸàŸäÿØ 9
https://t.co/Jq1jwhY3Ph",2019-11-10 18:00:33,1,0,
AUTechnoBot,"RT @TechNew71125192: Moto G8 Review
https://t.co/5cUsB8ESEC

#Moto #MotoG8 #motog8plus #tech #technology #technews #technologyupdates #tech‚Ä¶",2019-11-10 15:17:32,0,1,"Amsterdam, The Netherlands"
TechNew71125192,"Moto G8 Review
https://t.co/5cUsB8ESEC

#Moto #MotoG8 #motog8plus #tech #technology #technews #technologyupdates #techno",2019-11-10 15:16:05,2,1,
MotorolaESP,"¬°√öltima hora para participar! üò±üì£‚è∞ Venga, venga que la entrada VIP doble para la final de MotoGP en Valencia puede s‚Ä¶ https://t.co/ZWAnMGfiGd",2019-11-10 11:12:16,8,2,Espa√±a
notebookitalia,La Moto G series non delude mai! Foto e video presentazione italiana dell'ultimo Moto G8 Plus nell'intervista a Mas‚Ä¶ https://t.co/HHRsteSapk,2019-11-10 10:31:12,1,0,Italia
TarunChadha10,"13,999 ‡§∞‡•Å‡§™‡§Ø‡•á ‡§ï‡•Ä ‡§ï‡•Ä‡§Æ‡§§ ‡§µ‡§æ‡§≤‡§æ #MotoG8Plus ‡§π‡•à ‡§ï‡§ø‡§§‡§®‡§æ ‡§¶‡§Æ‡§¶‡§æ‡§∞? ‡§™‡§¢‡§º‡•á‡§Ç #Review #motorola 
https://t.co/0v9tpJQYMl",2019-11-10 09:34:18,1,0,"New Delhi, India"
LuisAlb12158812,"RT @Carlos_Vassan: ¬øQu√© les gustar√≠a saber del #MotoG8Plus? 

Todas sus dudas vayan dej√°ndolas para empezar a hacer el review üò¨üò¨

https://t‚Ä¶",2019-11-10 03:38:04,0,3,
Eduard08Bry,"RT @Carlos_Vassan: ¬øQu√© les gustar√≠a saber del #MotoG8Plus? 

Todas sus dudas vayan dej√°ndolas para empezar a hacer el review üò¨üò¨

https://t‚Ä¶",2019-11-09 18:01:51,0,3,
as_char,"RT @Carlos_Vassan: ¬øQu√© les gustar√≠a saber del #MotoG8Plus? 

Todas sus dudas vayan dej√°ndolas para empezar a hacer el review üò¨üò¨

https://t‚Ä¶",2019-11-09 17:55:43,0,3,
th3w0rldi5y0ur5,RT @MotorolaESP: ¬øSab√≠as que la c√°mara de v√≠deo ultra gran angular de 117¬∞ del nuevo #motog8plus captura 4 veces m√°s contenido en el encuad‚Ä¶,2019-11-09 16:17:45,0,3,
th3w0rldi5y0ur5,RT @MotorolaESP: ¬øYa te has enterado de c√≥mo puedes ganar una entrada VIP doble exclusiva para la final de Moto GP en Valencia? Compra tu #‚Ä¶,2019-11-09 16:16:13,0,4,
dwivedialok220,"RT @TechtoReview1: Moto G8 Plus price, review and Specifications

Motorola Moto G8 Plus based on Android Pie and has 64GB of inbuilt storag‚Ä¶",2019-11-19 06:14:39,0,1,"New Delhi, India"
TechPlusArg,"No te pierdas la presentaci√≥n de Motorola!!!!
@motorola_AR @liocampoy #MotoG8Plus #motog8 #Lenovo 

Link del video: https://t.co/FVZDz0ux7A",2019-11-19 01:18:41,1,0,Argenti
ravg25,Y @MotorolaMX a cumplido con el envi√≥ del #MotoG8Plus    @Moto @Profeco @samsungmobilemx @HuaweiMobileMx‚Ä¶ https://t.co/WeZvgG2Iys,2019-11-18 21:42:30,0,0,M√©xico
GlobalConsume,"No te pierdas del d√≠a de uso de #MotoG8Plus de @MotorolaMX en nuestro canal de #YouTube üòé

üëâhttps://t.co/42X9aZn2kl https://t.co/JqgsXC7iGI",2019-11-18 20:45:25,3,0,"Distrito Federal, M√©xico"
josechtv,"¬øCon cual te quedas? 
#xiaomimi9t #motog8plus #huaweinova5t #xiaomiredminote8pro https://t.co/2KTJCbFNln",2019-11-18 20:02:20,2,0,Tampique√±o en Quer√©taro
TechtoReview1,"Moto G8 Plus - Full Specs And Price
Moto G8 Plus has more values embedded in it that include the versatile camera s‚Ä¶ https://t.co/2d7YIzPMEV",2019-11-18 12:17:03,1,0,
ulT2I6navy_S3,"AQUOS sense3„ÅÆÁô∫Â£≤Ê±∫ÂÆö„Åó„Åü„Åø„Åü„ÅÑ„ÄÇ
„ÅÇ„Å®„ÅÆÊØîËºÉÂØæË±°„ÅØmoto g8 plus„ÄÇ
Êó©„ÅèÊó•Êú¨Áô∫Â£≤„Çí„Ç¢„Éä„Ç¶„É≥„Çπ„Åó„Å¶„Åè„Çå„Äú
#AQUOSsense3 #motog8plus",2019-11-19 10:19:29,0,0,Êó•Êú¨ ÂçÉËëâ
clovetechnology,"üìΩÔ∏è #Motorola's Moto G-series has provided some exceptional devices within the mid-range sector.

The #MotoG8Plus is‚Ä¶ https://t.co/Hl7f5DbmWW",2019-11-19 19:45:12,0,0,"Poole, England"
augustsilveiraa,RT @MotorolaBR: Acredite: chegou a fam√≠lia Moto G8. Tudo novo para voc√™ n√£o perder nada. #MotoG8Plus #MotoG8Play https://t.co/fJ2BGwcNvx,2019-11-19 17:20:32,0,36,"S√£o Francisco do Sul, Brasil"
clovetechnology,"üéûÔ∏è With Cinemagraph on the #MotoG8Plus, you can choose which parts of your image are moving and which parts remain‚Ä¶ https://t.co/p6DsiSzFZA",2019-11-20 20:00:34,0,0,"Poole, England"
ChhetriVivek,"RT gizbot ""Moto G8 Plus Quick Unboxing #motog8plus motorolaindia 
https://t.co/FCgiexmmIr""",2019-11-20 09:33:25,0,0,India
gizbot,"Moto G8 Plus Quick Unboxing #motog8plus @motorolaindia 
https://t.co/BadW6gitgm",2019-11-20 09:30:00,3,0,
JbW8JhhgRoL586J,#MotoG8Plus „ÅßÊíÆÂΩ±„Åó„ÅüÂÜôÁúüË¶ã„Å¶„Åø„Åü„ÅÑ„ÄÇÊµ∑Â§ñ„ÅÆ‰∫∫„Å®„Åã„Ç¢„ÉÉ„Éó„Åó„Å¶„Çì„ÅÆ„Åã„Å™„ÄÇYouTube„Åó„ÅãÂá∫„Å¶„Åì„Å≠„Åá„ÄÇ,2019-11-20 03:34:51,0,0,„Å´„ÅΩ„Çì
SoyTecno,"üí£üì≤NUEVOS 
üöÄüí™ü§≥#Motorola sigue lanzando novedades y esta vez llega con cuatro modelos que suman m√°s c√°maras‚Ä¶ https://t.co/rV55NV5uGY",2019-11-22 23:59:07,0,0,
Enterados_pe,#Tecnolog√≠a @MotorolaPE present√≥ en el #Per√∫ los nuevos #MotoG8Play y #MotoG8Plus. Su gerente de producto‚Ä¶ https://t.co/OK11xx8qGJ,2019-11-22 23:42:23,0,0,Lima
mauzzer,"RT @SurtidoPe: Aqu√≠ conoce m√°s sobre los nuevos Moto G8 Plus y Moto G8 Play reci√©n lanzados en Per√∫ por @MotorolaPE. 

Son exclusivos de @C‚Ä¶",2019-11-22 22:01:42,0,1,Lima-Peru
SurtidoPe,"Aqu√≠ conoce m√°s sobre los nuevos Moto G8 Plus y Moto G8 Play reci√©n lanzados en Per√∫ por @MotorolaPE. 

Son exclusi‚Ä¶ https://t.co/vaDc7td7sK",2019-11-22 21:30:07,1,1,Peru
intator,Ya llegaron los nuevos #MotoG8. El color del #MotoG8Plus est√° lindoooooooo...Quisiera probar sus c√°maras üëâüëà‚Ä¶ https://t.co/wmWR5ClgRw,2019-11-22 15:49:48,0,0,Lima
laprensaperu,¬øEn qu√© se diferencia el #MotoG8plus del #G8Play? Conoce sus caracter√≠sticas https://t.co/03eumK63ch,2019-11-22 14:16:30,0,0,"Lima, Per√∫"
Atulthakur9808,RT @motorolaindia: #DontMissAThing when it comes to entertainment! Lose yourself in your music and bring your movies to life with stereo sp‚Ä¶,2019-11-22 13:06:28,0,23,‡§á‡§ü‡§æ‡§µ‡§æ (‡§â‡§§‡•ç‡§§‡§∞ ‡§™‡•ç‡§∞‡§¶‡•á‡§∂)
Atulthakur9808,RT @motorolaindia: Get sharper photos &amp; videos in any light with the 48 MP Quad Pixel camera system with Night Vision mode. #DontMissAThing‚Ä¶,2019-11-22 13:06:03,0,17,‡§á‡§ü‡§æ‡§µ‡§æ (‡§â‡§§‡•ç‡§§‡§∞ ‡§™‡•ç‡§∞‡§¶‡•á‡§∂)
Technik_fuchs,"RT @turnon: Das #MotoG8Plus von @motorolaDE f√ºhrt die altehrw√ºrdige Mittelklasse-Serie fort. @Andreas4Tech hat gepr√ºft, ob das Smartphone d‚Ä¶",2019-11-22 10:28:45,0,2,
Peterliuk,"RT @pianetacellular: Nuovo video online, ecco la recensione di Motorola Moto G8 Plus! üëâüèªüëâüèª https://t.co/vfCu3HKtYj #recensione #motorola #m‚Ä¶",2019-11-22 10:25:56,0,1,"Editore,Recensore,Social PR"
pianetacellular,"Nuovo video online, ecco la recensione di Motorola Moto G8 Plus! üëâüèªüëâüèª https://t.co/vfCu3HKtYj #recensione #motorola‚Ä¶ https://t.co/Vv9NcPIYti",2019-11-22 10:25:36,1,1,"Vicenza, Italy"
Andreas4Tech,"RT @turnon: Das #MotoG8Plus von @motorolaDE f√ºhrt die altehrw√ºrdige Mittelklasse-Serie fort. @Andreas4Tech hat gepr√ºft, ob das Smartphone d‚Ä¶",2019-11-22 10:17:07,0,2,"Hamburg, Deutschland"
turnon,"Das #MotoG8Plus von @motorolaDE f√ºhrt die altehrw√ºrdige Mittelklasse-Serie fort. @Andreas4Tech hat gepr√ºft, ob das‚Ä¶ https://t.co/YDCFSqETJH",2019-11-22 09:53:04,1,2,"Hamburg, Deutschland"
Matheus18507060,RT @MotorolaBR: Acredite: chegou a fam√≠lia Moto G8. Tudo novo para voc√™ n√£o perder nada. #MotoG8Plus #MotoG8Play https://t.co/fJ2BGwcNvx,2019-11-22 08:23:10,0,38,"Juqui√°, Brasil"
ClaroPeru,"@Juansinmiedo_27 ¬°Hola, Juan! Puedes solicitar el #MotoG8Plus de 64 GB a 12 cuotas de S/ 105 + el plan‚Ä¶ https://t.co/5MVPK8gZbC",2019-11-22 02:33:18,0,0,"√úT: -12.093692,-77.026831"
Juansinmiedo_27,@ClaroPeru cu√°nto cuesta el #MotoG8Plus ?,2019-11-22 02:28:57,0,0,Lima - Peru
Enterados_pe,"El #MotoG8Plus llega al #Per√∫. Conoce sus caracter√≠sticas, disponibilidad y precio / @MotorolaPE #Tecnolog√≠a‚Ä¶ https://t.co/qDUphkPTKR",2019-11-21 23:29:30,0,0,Lima
Enterados_pe,Im√°genes del lanzamiento del #MotoG8 en #Per√∫. Son dos m√≥viles. El #MotoG8Play y el #MotoG8Plus https://t.co/xC03SmGg0Y,2019-11-21 22:56:31,0,0,Lima
Enterados_pe,#Tecnolog√≠a @MotorolaPE hizo el lanzamiento oficial del #motog8plus y #motog8play. Te los mostramos. Ambos disposit‚Ä¶ https://t.co/3qTPi9P2Mu,2019-11-21 22:54:12,0,0,Lima
juan_agendatec,"Fueron presentados oficialmente el #motog8play y #Motog8Plus de @motorolaperu, en esta ocasi√≥n con @renatovill. Int‚Ä¶ https://t.co/VQh2TQbZvb",2019-11-21 21:55:58,0,0,Lima - Per√∫
MotorolaPE,"No pierdas el tiempo ‚è∞, con la carga TurboPower del #motog8plus, ¬°tienes 8 horas de bater√≠a en 15 mn! Obt√©n el equi‚Ä¶ https://t.co/2EKjjw1l3a",2019-11-21 20:45:40,2,0,Peru
MotorolaPE,¬°La pantalla m√°s grande de motorola ha llegado! Consigue el #motog8plus con la pantalla Max Vision 6.3‚Äù y doble boc‚Ä¶ https://t.co/jn10L6k4VW,2019-11-21 20:45:20,4,0,Peru
wilmer_sossa,@Motorola_col #MejorQueNunca #motog8plus üì±üëåüèªüí™üèªüëçüèªü§©,2019-11-21 20:36:35,0,0,"Bogot√°, D.C., Colombia"
SPAINSELLERS,"https://t.co/0Dv7jtlK3t

Motorola #MotoG8Plus, an√°lisis: la bater√≠a y el modo de c√°mara de acci√≥n refuerzan su precio atractivo!",2019-11-21 19:35:40,0,0,Crevillente - Alicante
itusers,Video reportaje del lanzamiento de #motog8plus #lotienetodo  rey_yacolca @motorolaperu :-) en DaDA https://t.co/N8Go2LVK7a,2019-11-21 19:30:45,0,0,"Lima, Peru"
MotorolaPE,¬°Llena tus redes sociales con los mejores selfies! ü§≥ El #motog8plus tiene una c√°mara frontal de 25 MP y lo puedes c‚Ä¶ https://t.co/3gIWOG36HT,2019-11-21 17:27:19,3,0,Peru
elrifle,RT @MotorolaPE: ¬°La familia crece! ü§© Hoy es el lanzamiento del #motog8plus que est√° mejor que nunca. ¬øQuieres conocer el equipo que #lotien‚Ä¶,2019-11-21 16:56:46,0,1,Lima - Peru
MotorolaPE,Toma las fotos con mejor nitidez en la oscuridad con el sistema de c√°maras con 48 MP y visi√≥n nocturna del‚Ä¶ https://t.co/AQHPLCtsDd,2019-11-21 16:56:42,13,0,Peru
MotorolaPE,¬°La familia crece! ü§© Hoy es el lanzamiento del #motog8plus que est√° mejor que nunca. ¬øQuieres conocer el equipo que‚Ä¶ https://t.co/LRKF5DKc3f,2019-11-21 16:55:53,2,1,Peru
003Oca,"RT @Motorola_col: Captura fotos brillantes con #MotoG8Plus y su avanzado sistema de c√°maras.

M√°s informaci√≥n aqu√≠ https://t.co/YCHDhgaph4‚Ä¶",2019-11-21 16:18:51,0,2,
pasionportodo,"RT @Motorola_col: Captura fotos brillantes con #MotoG8Plus y su avanzado sistema de c√°maras.

M√°s informaci√≥n aqu√≠ https://t.co/YCHDhgaph4‚Ä¶",2019-11-21 16:05:52,0,2,"CO, MX, AR, PTY, EC."
Motorola_col,"Captura fotos brillantes con #MotoG8Plus y su avanzado sistema de c√°maras.

M√°s informaci√≥n aqu√≠‚Ä¶ https://t.co/AZAtxGZBvJ",2019-11-21 16:03:03,18,2,Colombia
enterese_net,"Lanzamiento de la nueva familia de #motog8 #motog8Play #motog8plus que viene con 4 c√°maras, entre 48MP con apertura‚Ä¶ https://t.co/NCyoXhwP8h",2019-11-21 16:02:44,0,0,PERU
enterese_net,"Lanzamiento de la nueva familia de #motog8 #motog8Play #motog8plus que viene con 4 c√°maras, entre 48MP con apertura‚Ä¶ https://t.co/fUDOqQhb7t",2019-11-21 16:02:28,0,0,PERU
itusers,D√°ndole al Bat√°n en la previa del lanzamiento de dos nuevos #motog8plus y el #motog8 #lotienetodo gracias rey_yacol‚Ä¶ https://t.co/F5ii2zqMDF,2019-11-21 15:25:34,0,0,"Lima, Peru"
noticiasyabq,üéôÔ∏è#NoticiasYa #AlAire Karen Ruiz gerente de Producto de @Motorola_col en Barranquilla nos trae novedades‚Ä¶ https://t.co/D2u4DuRoEy,2019-11-21 12:44:06,0,0,"Barranquilla, tel 3735050"
Camilo_Hatake,@Motorola_col Es precioso #MotoG8Plus üòç,2019-11-21 00:02:59,0,0,
Motorola_col,#ExperienciasMoto Ent√©rate de todo lo que la nueva generaci√≥n de la familia Moto G trae para ti con el nuevo‚Ä¶ https://t.co/aF9d5Z6x32,2019-11-21 00:01:32,13,1,Colombia
Carlos_Vassan,"Look at me, look at me!! üëÄüëÄ

#MotoG8Plus https://t.co/KAYHoIIYbz",2019-11-23 23:47:00,32,1,M√©xico
clovetechnology,"üìΩÔ∏è #Motorola continues it's mid-range legacy with the #MotoG8Plus.  

Combining a near-pure #Android experience wit‚Ä¶ https://t.co/CnBCyzfJuA",2019-11-23 18:35:08,2,0,"Poole, England"
ytechb,"Download Google Camera 6.2 for Moto G8 Plus!

Here - https://t.co/3LiEPXH360

#Moto #MotoG8Plus #MotoG8 #Motorola‚Ä¶ https://t.co/2sUqdwV9fW",2019-11-23 17:23:08,3,0,New Delhi
SoyTecno,"üí£üì≤NUEVOS 
üöÄüí™ü§≥#Motorola sigue lanzando novedades y esta vez llega con cuatro modelos que suman m√°s c√°maras‚Ä¶ https://t.co/IvLTgMCjAp",2019-11-23 17:00:28,1,0,
mspiccia,"RT @pianetacellular: Nuovo video online, ecco la recensione di Motorola Moto G8 Plus! üëâüèªüëâüèª https://t.co/vfCu3HKtYj #recensione #motorola #m‚Ä¶",2019-11-23 07:03:20,0,2,Nichelino(Torino)
lcruzadoc,RT @Enterados_pe: Im√°genes del lanzamiento del #MotoG8 en #Per√∫. Son dos m√≥viles. El #MotoG8Play y el #MotoG8Plus https://t.co/xC03SmGg0Y,2019-11-23 01:32:46,0,1,"Lima, Peru"
eduardokuevs24,"@MotorolaMX buenas tardes,existe la manera de realizar una devoluci√≥n ya que su nuevo tel√©fono el #motoG8plus es una porquer√≠a",2019-11-24 21:19:14,0,0,
BatCABJ,#familia #motog #hellomoto #motog8play #motog8plus https://t.co/ncrj2Pdq8o,2019-11-24 19:28:20,0,0,Republica de la Boca
gullyboysourav,"RT @motorolaindia: The all-new #motog8plus is going on sale tomorrow at 12 PM. üïõ
Make sure you #DontMissAThing with the class-leading 48MP‚Ä¶",2019-11-24 12:02:25,0,31,"Kolkata, India"
gullyboysourav,RT @motorolaindia: #DontMissAThing when it comes to entertainment! Lose yourself in your music and bring your movies to life with stereo sp‚Ä¶,2019-11-24 12:02:16,0,24,"Kolkata, India"
gullyboysourav,RT @motorolaindia: Get sharper photos &amp; videos in any light with the 48 MP Quad Pixel camera system with Night Vision mode. #DontMissAThing‚Ä¶,2019-11-24 12:02:14,0,18,"Kolkata, India"
iamHaneet,"RT @ytechb: Download Google Camera for Motorola Phones [Every Moto Phone]

Here - https://t.co/ZGkF6GVBdc

#Motorola #Camera #GCam #GoogleC‚Ä¶",2019-11-24 07:11:10,0,1,"New Delhi, India"
ytechb,"Download Google Camera for Motorola Phones [Every Moto Phone]

Here - https://t.co/ZGkF6GVBdc

#Motorola #Camera‚Ä¶ https://t.co/DLRTsQ0tfJ",2019-11-24 07:10:00,3,1,New Delhi
as_char,"RT @Carlos_Vassan: Look at me, look at me!! üëÄüëÄ

#MotoG8Plus https://t.co/KAYHoIIYbz",2019-11-24 05:28:30,0,1,
cennec,"Estoy utilizando el nuevo #motog8plus y estoy maravillado, #lotienetodo 

Genial @MotorolaMX",2019-11-24 02:37:59,0,0,"Puebla, M√©xico"
ttombel_tim,Isn't it time for a new case? Motocross Bike Getting Air by @ttombel_tim on @inktale https://t.co/2b5lnkEAW8‚Ä¶ https://t.co/5uk0QSaQfy,2019-11-27 23:20:32,4,1,"Tulsa, OK"
PortalGeekCo,"Moto G8 Plus, pensado en ser m√°s r√°pido y m√°s completo #MotoG8plus https://t.co/KtXVMYr2CN https://t.co/AqAPHhpCih",2019-11-27 20:59:34,0,0,
Claunner,Gostando do meu #motoG8plus dona @MotorolaBR pena que o reconhecimento facial √© meio bugado.,2019-11-27 19:26:28,0,0,"Florian√≥polis, Brasil"
huramobil,‚ö†Ô∏è NOV√â VIDEO! üì≤ Motorola G8 Plus p≈ôi≈°la hodnƒõ potichu do ƒåR. Stoj√≠ za to? Mrknƒõtei ‚û°Ô∏è https://t.co/miquv4vXhy‚Ä¶ https://t.co/oEjZJxcAt3,2019-11-27 18:05:32,2,0,"Prague, Czech Republic"
Marcelodojaca6,RT @MotorolaBR: Acredite: chegou a fam√≠lia Moto G8. Tudo novo para voc√™ n√£o perder nada. #MotoG8Plus #MotoG8Play https://t.co/fJ2BGwcNvx,2019-11-27 17:39:27,0,39,"Rio de Janeiro, Brasil"
MotorolaESP,"¬øTe imaginas disfrutar de tus v√≠deos en la pantalla Max Vision de 6.3"" del nuevo #MotoG8Plus? Un buen plan, ¬øverdad‚Ä¶ https://t.co/GrXHkgHNJh",2019-11-27 17:04:36,3,0,Espa√±a
MotoHey,Motorola sortea dos Ducati Monster 821 con la compra de un Moto G8 Plus en Espa√±a. C√≥mo participar‚Ä¶ https://t.co/XZv1P08dqC,2019-11-27 12:50:01,0,0,
MrChaHunter,"RT @Motorola_col: Obt√©n 4 veces m√°s visi√≥n con #MotoG8Plus y su Action Cam con gran angular.

Conoce m√°s aqu√≠ https://t.co/YCHDhgaph4 https‚Ä¶",2019-11-27 04:21:52,0,2,"Bogot√°, D.C., Colombia"
Alequemera73,RT @motorola_AR: Sistema de triple c√°mara con sensor 48 MP + Night Vision: lleg√≥ el nuevo #motog8plus ‚ú® https://t.co/zQtskRaaQH,2019-11-27 00:49:16,0,3,
Comunidaria,El #MotoG8Plus tambi√©n se podr√° conseguir en @ClaroPeru en plan Max Ilimitado 85 con cuota inicial de s/603 y 18 cu‚Ä¶ https://t.co/1PzX6GjhwK,2019-11-26 21:15:34,0,0,"Lima, Per√∫"
ChicosAndroid,"Conoce el #MotoG8Plus, el m√≥vil de #Motorola que planea liderar la gama media https://t.co/3H7KxJEf4j",2019-11-26 18:31:04,0,0,M√©xico
wallir2003,RT @motorola_AR: Sistema de triple c√°mara con sensor 48 MP + Night Vision: lleg√≥ el nuevo #motog8plus ‚ú® https://t.co/zQtskRaaQH,2019-11-26 16:19:44,0,3,
BatCABJ,#motog8plus #hellomoto #motorola https://t.co/sWQrPOIDKy,2019-11-26 16:00:18,0,0,Republica de la Boca
henriquez_edson,En la presentaci√≥n de hace unos d√≠as del #MotoG8Play y #MotoG8Plus. https://t.co/swJVkhv7NI,2019-11-26 16:00:08,0,0,
TheFuriousFAN,RT @motorola_AR: Sistema de triple c√°mara con sensor 48 MP + Night Vision: lleg√≥ el nuevo #motog8plus ‚ú® https://t.co/zQtskRaaQH,2019-11-26 15:47:08,0,3,Argentina
motorola_AR,Sistema de triple c√°mara con sensor 48 MP + Night Vision: lleg√≥ el nuevo #motog8plus ‚ú® https://t.co/zQtskRaaQH,2019-11-26 15:36:37,32,3,Argentina
32gallardoj,RT @MotorolaESP: Si tienes que cambiar de m√≥vil y no te decides... Atent@ a nuestra propuesta: compra el nuevo #MotoG8Plus y participa en e‚Ä¶,2019-11-26 14:42:19,0,1,Panam√° Es una Grandeza
MotorolaESP,Si tienes que cambiar de m√≥vil y no te decides... Atent@ a nuestra propuesta: compra el nuevo #MotoG8Plus y partici‚Ä¶ https://t.co/Zoy7hQ1aLl,2019-11-26 14:41:25,4,1,Espa√±a
Motorola_col,"Obt√©n 4 veces m√°s visi√≥n con #MotoG8Plus y su Action Cam con gran angular.

Conoce m√°s aqu√≠ https://t.co/YCHDhgaph4 https://t.co/r9J56oCiZt",2019-11-26 14:17:46,11,2,Colombia
soyandresacosta,RT @Motorola_col: #ExperienciasMoto Ent√©rate de todo lo que la nueva generaci√≥n de la familia Moto G trae para ti con el nuevo #MotoG8Plus‚Ä¶,2019-11-26 13:04:59,0,1,instagram.com/soyandresacosta
Motorola_col,#ExperienciasMoto Ent√©rate de todo lo que la nueva generaci√≥n de la familia Moto G trae para ti con el nuevo‚Ä¶ https://t.co/LDWIFBDC3N,2019-11-26 13:02:24,7,1,Colombia
geebuscaratti,"Essa c√¢mera... ‚ô•Ô∏è

#Motorola #MotoG8Plus #G8Plus #MotorolaPictures #Top em S√£o Jos√© do Rio Preto https://t.co/DnNC5Z8UHE",2019-11-26 11:50:05,0,0,S√£o Jos√© do Rio Preto - SP
AbhisarRamma,"RT @ytechb: [Exclusive] Download Motorola Razr 2019 Wallpapers in FHD+!

Here - https://t.co/YXqfbD02mJ

#Wallpaper #Wallpapers #Moto #Moto‚Ä¶",2019-11-26 08:53:49,0,1,
ytechb,"[Exclusive] Download Motorola Razr 2019 Wallpapers in FHD+!

Here - https://t.co/YXqfbD02mJ

#Wallpaper #Wallpapers‚Ä¶ https://t.co/lVi4jwt3lM",2019-11-26 08:53:17,3,1,New Delhi
MadridEdixon,"RT @MotorolaESP: Captura hasta el m√°s m√≠nimo detalle y disfruta de una sensibilidad a la luz üí° 4 veces mayor #MotoG8Plus #48MP

https://t.c‚Ä¶",2019-11-26 06:56:50,0,2,
as_char,"RT @Carlos_Vassan: Review del #MotoG8Plus ¬øQu√© tantos cambios y mejoras hubo de su versi√≥n anterior?

¬øVale la pena darle una oportunidad?‚Ä¶",2019-11-25 22:39:01,0,3,
BruceGaravito,"RT @technocio: El #Motorola #MotoG8Plus con pantalla Max Vision de 6,3‚Ä≥ y altavoces est√©reo. Disfruta de ver c√≥mo tus pel√≠culas y videos fa‚Ä¶",2019-11-25 20:29:51,0,1,"Bogota, Colombia"
JuanPab97855306,"RT @Carlos_Vassan: Review del #MotoG8Plus ¬øQu√© tantos cambios y mejoras hubo de su versi√≥n anterior?

¬øVale la pena darle una oportunidad?‚Ä¶",2019-11-25 18:38:34,0,3,
hetormaldonadog,"RT @Carlos_Vassan: Review del #MotoG8Plus ¬øQu√© tantos cambios y mejoras hubo de su versi√≥n anterior?

¬øVale la pena darle una oportunidad?‚Ä¶",2019-11-25 18:35:32,0,3,swerve city
2000dePan,@gambitobgta #MotoG8Plus.,2019-11-25 17:16:57,0,0,"Bogot√°, Colombia"
2000dePan,"Toc√≥ hacernos al nuevo #MotoG8Plus, les contar√© como nos va y gracias @Motorola_col.",2019-11-25 16:56:19,5,0,"Bogot√°, Colombia"
Carlos_Vassan,"Review del #MotoG8Plus ¬øQu√© tantos cambios y mejoras hubo de su versi√≥n anterior?

¬øVale la pena darle una oportuni‚Ä¶ https://t.co/C9Hrmse28h",2019-11-25 16:06:10,17,3,M√©xico
mukunth62001,"@motorolaindia Moto Gp bike sound which is recorded by Moto devices.
@madan3 
@RealTamilSelvan 

#motorazr 
#motog8plus",2019-11-25 13:24:00,0,0,
intator,RT @Enterados_pe: #Tecnolog√≠a @MotorolaPE present√≥ en el #Per√∫ los nuevos #MotoG8Play y #MotoG8Plus. Su gerente de producto @lcruzadoc nos‚Ä¶,2019-11-25 12:56:02,0,1,Lima
mobizooblog,"Review Moto G8 Plus: um belo upgrade, s√≥ que n√£o https://t.co/BU3uKCw5Lb #motorola #hellomoto #motog8plus",2019-11-25 12:30:32,0,0,Brazil
Artabrus92,"RT @MotorolaESP: Captura hasta el m√°s m√≠nimo detalle y disfruta de una sensibilidad a la luz üí° 4 veces mayor #MotoG8Plus #48MP

https://t.c‚Ä¶",2019-11-25 11:44:35,0,2,"Ferrol, Espa√±a"
MotorolaESP,Captura hasta el m√°s m√≠nimo detalle y disfruta de una sensibilidad a la luz üí° 4 veces mayor #MotoG8Plus #48MP‚Ä¶ https://t.co/OyrKBsYtGx,2019-11-25 11:00:49,8,2,Espa√±a
technocio,"El #Motorola #MotoG8Plus con pantalla Max Vision de 6,3‚Ä≥ y altavoces est√©reo. Disfruta de ver c√≥mo tus pel√≠culas y‚Ä¶ https://t.co/ZQDg6XcI8R",2019-11-25 04:44:39,1,1,"Bogot√°, D.C., Colombia"
technocio,El #Motorola #MotoG8Plus.  Con c√°mara frontal de 25 MP. Captura hasta el m√°s m√≠nimo detalle y obt√©n hasta cuatro ve‚Ä¶ https://t.co/LqUr58t1sL,2019-11-25 04:39:56,0,0,"Bogot√°, D.C., Colombia"
shashibharanger,"RT @motorolaindia: The next g is here! Get ready for anything with the all-new #motog8plus. üòé
The class-leading Quad Pixel camera system de‚Ä¶",2019-11-25 03:21:44,0,46,"Agra, India"
